station_name,date,hour,population
ikebukuro,2024/11/14,4,4971
ikebukuro,2024/11/14,5,5314
ikebukuro,2024/11/14,6,7371
ikebukuro,2024/11/14,7,14571
ikebukuro,2024/11/14,8,23486
ikebukuro,2024/11/14,9,22800
ikebukuro,2024/11/14,10,25543
ikebukuro,2024/11/14,11,29576
ikebukuro,2024/11/14,12,34225
ikebukuro,2024/11/14,13,36671
ikebukuro,2024/11/14,14,36617
ikebukuro,2024/11/14,15,38304
ikebukuro,2024/11/14,16,40770
ikebukuro,2024/11/14,17,44400
ikebukuro,2024/11/14,18,50914
ikebukuro,2024/11/14,19,51257
ikebukuro,2024/11/14,20,44057
ikebukuro,2024/11/14,21,36169
ikebukuro,2024/11/14,22,28071
ikebukuro,2024/11/14,23,20786
ikebukuro,2024/11/14,24,11657
ikebukuro,2024/11/15,1,7500
ikebukuro,2024/11/15,2,7071
ikebukuro,2024/11/15,3,6643
ikebukuro,2024/11/15,4,6643
ikebukuro,2024/11/15,5,7071
ikebukuro,2024/11/15,6,7500
ikebukuro,2024/11/15,7,9643
ikebukuro,2024/11/15,8,13071
ikebukuro,2024/11/15,9,17786
ikebukuro,2024/11/15,10,25929
ikebukuro,2024/11/15,11,35404
ikebukuro,2024/11/15,12,43371
ikebukuro,2024/11/15,13,48480
ikebukuro,2024/11/15,14,49218
ikebukuro,2024/11/15,15,51214
ikebukuro,2024/11/15,16,51643
ikebukuro,2024/11/15,17,52500
ikebukuro,2024/11/15,18,51214
ikebukuro,2024/11/15,19,46500
ikebukuro,2024/11/15,20,40071
ikebukuro,2024/11/15,21,34071
ikebukuro,2024/11/15,22,NA
ikebukuro,2024/11/15,23,19371
ikebukuro,2024/11/15,24,10800
ikebukuro,2024/11/16,1,7371
ikebukuro,2024/11/16,2,7029
ikebukuro,2024/11/16,3,7029
ikebukuro,2024/11/16,4,6686
ikebukuro,2024/11/16,5,7029
ikebukuro,2024/11/16,6,7029
ikebukuro,2024/11/16,7,8400
ikebukuro,2024/11/16,8,10800
ikebukuro,2024/11/16,9,16286
ikebukuro,2024/11/16,10,24171
ikebukuro,2024/11/16,11,33429
ikebukuro,2024/11/16,12,40629
ikebukuro,2024/11/16,13,45086
ikebukuro,2024/11/16,14,46742
ikebukuro,2024/11/16,15,47983
ikebukuro,2024/11/16,16,48171
ikebukuro,2024/11/16,17,46384
ikebukuro,2024/11/16,18,42727
ikebukuro,2024/11/16,19,36030
ikebukuro,2024/11/16,20,30091
ikebukuro,2024/11/16,21,24655
ikebukuro,2024/11/16,22,18343
ikebukuro,2024/11/16,23,NA
ikebukuro,2024/11/17,0,NA
ikebukuro,2024/11/17,1,4629
ikebukuro,2024/11/17,2,4629
ikebukuro,2024/11/17,3,4629
ikebukuro,2024/11/17,4,4629
ikebukuro,2024/11/17,5,5314
ikebukuro,2024/11/17,6,7371
ikebukuro,2024/11/17,7,14571
ikebukuro,2024/11/17,8,23143
ikebukuro,2024/11/17,9,22800
ikebukuro,2024/11/17,10,24514
ikebukuro,2024/11/17,11,27600
ikebukuro,2024/11/17,12,32057
ikebukuro,2024/11/17,13,34114
ikebukuro,2024/11/17,14,33086
ikebukuro,2024/11/17,15,34800
ikebukuro,2024/11/17,16,35829
ikebukuro,2024/11/17,17,39943
ikebukuro,2024/11/17,18,43371
ikebukuro,2024/11/17,19,41314
ikebukuro,2024/11/17,20,32743
ikebukuro,2024/11/17,21,25200
ikebukuro,2024/11/17,22,18343
ikebukuro,2024/11/17,23,12171
ikebukuro,2024/11/17,24,7029
ikebukuro,2024/11/18,1,4971
ikebukuro,2024/11/18,2,4971
ikebukuro,2024/11/18,3,4629
ikebukuro,2024/11/18,4,4629
ikebukuro,2024/11/18,5,5314
ikebukuro,2024/11/18,6,7371
ikebukuro,2024/11/18,7,14914
ikebukuro,2024/11/18,8,23829
ikebukuro,2024/11/18,9,22114
ikebukuro,2024/11/18,10,24171
ikebukuro,2024/11/18,11,27257
ikebukuro,2024/11/18,12,32340
ikebukuro,2024/11/18,13,34873
ikebukuro,2024/11/18,14,33086
ikebukuro,2024/11/18,15,34457
ikebukuro,2024/11/18,16,36306
ikebukuro,2024/11/18,17,40116
ikebukuro,2024/11/18,18,44467
ikebukuro,2024/11/18,19,42033
ikebukuro,2024/11/18,20,33756
ikebukuro,2024/11/18,21,26795
ikebukuro,2024/11/18,22,20400
ikebukuro,2024/11/18,23,13543
ikebukuro,2024/11/18,24,7714
ikebukuro,2024/11/19,1,5314
ikebukuro,2024/11/19,2,4971
ikebukuro,2024/11/19,3,4971
ikebukuro,2024/11/19,4,4971
ikebukuro,2024/11/19,5,5314
ikebukuro,2024/11/19,6,7371
ikebukuro,2024/11/19,7,14914
ikebukuro,2024/11/19,8,23486
ikebukuro,2024/11/19,9,22457
ikebukuro,2024/11/19,10,25200
ikebukuro,2024/11/19,11,28629
ikebukuro,2024/11/19,12,33771
ikebukuro,2024/11/19,13,36171
ikebukuro,2024/11/19,14,35143
ikebukuro,2024/11/19,15,36171
ikebukuro,2024/11/19,16,37543
ikebukuro,2024/11/19,17,42343
ikebukuro,2024/11/19,18,46800
ikebukuro,2024/11/19,19,44013
ikebukuro,2024/11/19,20,36388
ikebukuro,2024/11/19,21,28770
ikebukuro,2024/11/19,22,21086
ikebukuro,2024/11/19,23,14571
ikebukuro,2024/11/19,24,8057
ikebukuro,2024/11/20,1,5314
ikebukuro,2024/11/20,2,5314
ikebukuro,2024/11/20,3,5314
ikebukuro,2024/11/20,4,5314
ikebukuro,2024/11/20,5,5657
ikebukuro,2024/11/20,6,7371
ikebukuro,2024/11/20,7,14914
ikebukuro,2024/11/20,8,23829
ikebukuro,2024/11/20,9,22800
ikebukuro,2024/11/20,10,25200
ikebukuro,2024/11/20,11,28629
ikebukuro,2024/11/20,12,33086
ikebukuro,2024/11/20,13,35486
ikebukuro,2024/11/20,14,34457
ikebukuro,2024/11/20,15,36200
ikebukuro,2024/11/20,16,37831
ikebukuro,2024/11/20,17,42608
ikebukuro,2024/11/20,18,46006
ikebukuro,2024/11/20,19,43637
ikebukuro,2024/11/20,20,35998
ikebukuro,2024/11/20,21,29274
ikebukuro,2024/11/20,22,NA
ikebukuro,2024/11/20,23,14571
ikebukuro,2024/11/20,24,8057
ikebukuro,2024/11/21,1,5657
ikebukuro,2024/11/21,2,5314
ikebukuro,2024/11/21,3,5314
ikebukuro,2024/11/21,4,4971
ikebukuro,2024/11/21,5,5657
ikebukuro,2024/11/21,6,7714
ikebukuro,2024/11/21,7,14571
ikebukuro,2024/11/21,8,23486
ikebukuro,2024/11/21,9,22457
ikebukuro,2024/11/21,10,26229
ikebukuro,2024/11/21,11,29314
ikebukuro,2024/11/21,12,34800
ikebukuro,2024/11/21,13,37543
ikebukuro,2024/11/21,14,36514
ikebukuro,2024/11/21,15,38571
ikebukuro,2024/11/21,16,40286
ikebukuro,2024/11/21,17,44400
ikebukuro,2024/11/21,18,49886
ikebukuro,2024/11/21,19,50229
ikebukuro,2024/11/21,20,42929
ikebukuro,2024/11/21,21,36265
ikebukuro,2024/11/21,22,28500
ikebukuro,2024/11/21,23,20786
ikebukuro,2024/11/21,24,11786
ikebukuro,2024/11/22,1,7500
ikebukuro,2024/11/22,2,7071
ikebukuro,2024/11/22,3,7071
ikebukuro,2024/11/22,4,7071
ikebukuro,2024/11/22,5,7071
ikebukuro,2024/11/22,6,7071
ikebukuro,2024/11/22,7,9214
ikebukuro,2024/11/22,8,13071
ikebukuro,2024/11/22,9,17357
ikebukuro,2024/11/22,10,26357
ikebukuro,2024/11/22,11,35357
ikebukuro,2024/11/22,12,42214
ikebukuro,2024/11/22,13,47786
ikebukuro,2024/11/22,14,48643
ikebukuro,2024/11/22,15,49929
ikebukuro,2024/11/22,16,51030
ikebukuro,2024/11/22,17,52156
ikebukuro,2024/11/22,18,50233
ikebukuro,2024/11/22,19,45710
ikebukuro,2024/11/22,20,39074
ikebukuro,2024/11/22,21,31833
ikebukuro,2024/11/22,22,25200
ikebukuro,2024/11/22,23,18000
ikebukuro,2024/11/22,24,10114
ikebukuro,2024/11/23,1,7714
ikebukuro,2024/11/23,2,7029
ikebukuro,2024/11/23,3,7371
ikebukuro,2024/11/23,4,6686
ikebukuro,2024/11/23,5,7029
ikebukuro,2024/11/23,6,7371
ikebukuro,2024/11/23,7,8400
ikebukuro,2024/11/23,8,11143
ikebukuro,2024/11/23,9,16286
ikebukuro,2024/11/23,10,24857
ikebukuro,2024/11/23,11,33794
ikebukuro,2024/11/23,12,39943
ikebukuro,2024/11/23,13,43714
ikebukuro,2024/11/23,14,45771
ikebukuro,2024/11/23,15,46800
ikebukuro,2024/11/23,16,48171
ikebukuro,2024/11/23,17,48514
ikebukuro,2024/11/23,18,46114
ikebukuro,2024/11/23,19,41314
ikebukuro,2024/11/23,20,35486
ikebukuro,2024/11/23,21,29314
ikebukuro,2024/11/23,22,NA
ikebukuro,2024/11/23,23,15943
ikebukuro,2024/11/23,24,8743
ikebukuro,2024/11/24,1,6343
ikebukuro,2024/11/24,2,6000
ikebukuro,2024/11/24,3,5657
ikebukuro,2024/11/24,4,6000
ikebukuro,2024/11/24,5,6000
ikebukuro,2024/11/24,6,6343
ikebukuro,2024/11/24,7,8400
ikebukuro,2024/11/24,8,11486
ikebukuro,2024/11/24,9,15943
ikebukuro,2024/11/24,10,23486
ikebukuro,2024/11/24,11,31029
ikebukuro,2024/11/24,12,37543
ikebukuro,2024/11/24,13,40629
ikebukuro,2024/11/24,14,42000
ikebukuro,2024/11/24,15,42686
ikebukuro,2024/11/24,16,42000
ikebukuro,2024/11/24,17,42000
ikebukuro,2024/11/24,18,37886
ikebukuro,2024/11/24,19,34114
ikebukuro,2024/11/24,20,27600
ikebukuro,2024/11/24,21,22114
ikebukuro,2024/11/24,22,16629
ikebukuro,2024/11/24,23,11486
ikebukuro,2024/11/24,24,6686
ikebukuro,2024/11/25,1,4971
ikebukuro,2024/11/25,2,4629
ikebukuro,2024/11/25,3,4629
ikebukuro,2024/11/25,4,4629
ikebukuro,2024/11/25,5,5314
ikebukuro,2024/11/25,6,7714
ikebukuro,2024/11/25,7,15257
ikebukuro,2024/11/25,8,24857
ikebukuro,2024/11/25,9,22457
ikebukuro,2024/11/25,10,24171
ikebukuro,2024/11/25,11,27943
ikebukuro,2024/11/25,12,32743
ikebukuro,2024/11/25,13,34457
ikebukuro,2024/11/25,14,33429
ikebukuro,2024/11/25,15,34457
ikebukuro,2024/11/25,16,36514
ikebukuro,2024/11/25,17,39943
ikebukuro,2024/11/25,18,44057
ikebukuro,2024/11/25,19,41314
ikebukuro,2024/11/25,20,33086
ikebukuro,2024/11/25,21,26229
ikebukuro,2024/11/25,22,19371
ikebukuro,2024/11/25,23,13543
ikebukuro,2024/11/25,24,7371
ikebukuro,2024/11/26,1,5314
ikebukuro,2024/11/26,2,4971
ikebukuro,2024/11/26,3,4971
ikebukuro,2024/11/26,4,4971
ikebukuro,2024/11/26,5,5657
ikebukuro,2024/11/26,6,7371
ikebukuro,2024/11/26,7,15257
ikebukuro,2024/11/26,8,26229
ikebukuro,2024/11/26,9,23829
ikebukuro,2024/11/26,10,24514
ikebukuro,2024/11/26,11,27943
ikebukuro,2024/11/26,12,32400
ikebukuro,2024/11/26,13,34800
ikebukuro,2024/11/26,14,34114
ikebukuro,2024/11/26,15,35486
ikebukuro,2024/11/26,16,37886
ikebukuro,2024/11/26,17,40971
ikebukuro,2024/11/26,18,46800
ikebukuro,2024/11/26,19,44400
ikebukuro,2024/11/26,20,36171
ikebukuro,2024/11/26,21,28834
ikebukuro,2024/11/26,22,21429
ikebukuro,2024/11/26,23,14229
ikebukuro,2024/11/26,24,7714
ikebukuro,2024/11/27,1,5314
ikebukuro,2024/11/27,2,4971
ikebukuro,2024/11/27,3,4971
ikebukuro,2024/11/27,4,4971
ikebukuro,2024/11/27,5,5314
ikebukuro,2024/11/27,6,7371
ikebukuro,2024/11/27,7,14229
ikebukuro,2024/11/27,8,23486
ikebukuro,2024/11/27,9,22457
ikebukuro,2024/11/27,10,25200
ikebukuro,2024/11/27,11,28971
ikebukuro,2024/11/27,12,34114
ikebukuro,2024/11/27,13,35829
ikebukuro,2024/11/27,14,34457
ikebukuro,2024/11/27,15,36514
ikebukuro,2024/11/27,16,38229
ikebukuro,2024/11/27,17,41657
ikebukuro,2024/11/27,18,45417
ikebukuro,2024/11/27,19,43232
ikebukuro,2024/11/27,20,35829
ikebukuro,2024/11/27,21,29657
ikebukuro,2024/11/27,22,NA
ikebukuro,2024/11/27,23,14571
ikebukuro,2024/11/27,24,8057
ikebukuro,2024/11/28,1,4971
ikebukuro,2024/11/28,2,4971
ikebukuro,2024/11/28,3,4971
ikebukuro,2024/11/28,4,4971
ikebukuro,2024/11/28,5,5657
ikebukuro,2024/11/28,6,7371
ikebukuro,2024/11/28,7,14229
ikebukuro,2024/11/28,8,23486
ikebukuro,2024/11/28,9,22800
ikebukuro,2024/11/28,10,24857
ikebukuro,2024/11/28,11,28286
ikebukuro,2024/11/28,12,33429
ikebukuro,2024/11/28,13,36514
ikebukuro,2024/11/28,14,35486
ikebukuro,2024/11/28,15,36857
ikebukuro,2024/11/28,16,39257
ikebukuro,2024/11/28,17,44057
ikebukuro,2024/11/28,18,49886
ikebukuro,2024/11/28,19,50571
ikebukuro,2024/11/28,20,44057
ikebukuro,2024/11/28,21,37333
ikebukuro,2024/11/28,22,29145
ikebukuro,2024/11/28,23,21643
ikebukuro,2024/11/28,24,12643
ikebukuro,2024/11/29,1,8357
ikebukuro,2024/11/29,2,7500
ikebukuro,2024/11/29,3,7500
ikebukuro,2024/11/29,4,7071
ikebukuro,2024/11/29,5,7071
ikebukuro,2024/11/29,6,7500
ikebukuro,2024/11/29,7,9214
ikebukuro,2024/11/29,8,12643
ikebukuro,2024/11/29,9,16929
ikebukuro,2024/11/29,10,25929
ikebukuro,2024/11/29,11,34500
ikebukuro,2024/11/29,12,41357
ikebukuro,2024/11/29,13,46500
ikebukuro,2024/11/29,14,48214
ikebukuro,2024/11/29,15,49500
ikebukuro,2024/11/29,16,51643
ikebukuro,2024/11/29,17,52500
ikebukuro,2024/11/29,18,52071
ikebukuro,2024/11/29,19,46929
ikebukuro,2024/11/29,20,40071
ikebukuro,2024/11/29,21,33771
ikebukuro,2024/11/29,22,26914
ikebukuro,2024/11/29,23,19371
ikebukuro,2024/11/29,24,10800
ikebukuro,2024/11/30,1,7714
ikebukuro,2024/11/30,2,7371
ikebukuro,2024/11/30,3,7029
ikebukuro,2024/11/30,4,6343
ikebukuro,2024/11/30,5,6686
ikebukuro,2024/11/30,6,6686
ikebukuro,2024/11/30,7,7371
ikebukuro,2024/11/30,8,9771
ikebukuro,2024/11/30,9,14914
ikebukuro,2024/11/30,10,22800
ikebukuro,2024/11/30,11,31371
ikebukuro,2024/11/30,12,37886
ikebukuro,2024/11/30,13,41657
ikebukuro,2024/11/30,14,43714
ikebukuro,2024/11/30,15,45771
ikebukuro,2024/11/30,16,47143
ikebukuro,2024/11/30,17,46800
ikebukuro,2024/11/30,18,44400
ikebukuro,2024/11/30,19,38571
ikebukuro,2024/11/30,20,30686
ikebukuro,2024/11/30,21,NA
ikebukuro,2024/11/30,22,17657
ikebukuro,2024/11/30,23,11829
ikebukuro,2024/11/30,24,7029
ikebukuro,2024/12/1,1,4971
ikebukuro,2024/12/1,2,4629
ikebukuro,2024/12/1,3,4629
ikebukuro,2024/12/1,4,4629
ikebukuro,2024/12/1,5,5314
ikebukuro,2024/12/1,6,7371
ikebukuro,2024/12/1,7,14914
ikebukuro,2024/12/1,8,24171
ikebukuro,2024/12/1,9,23143
ikebukuro,2024/12/1,10,24514
ikebukuro,2024/12/1,11,27943
ikebukuro,2024/12/1,12,31714
ikebukuro,2024/12/1,13,33429
ikebukuro,2024/12/1,14,33086
ikebukuro,2024/12/1,15,34800
ikebukuro,2024/12/1,16,36171
ikebukuro,2024/12/1,17,39685
ikebukuro,2024/12/1,18,43121
ikebukuro,2024/12/1,19,41334
ikebukuro,2024/12/1,20,31991
ikebukuro,2024/12/1,21,24679
ikebukuro,2024/12/1,22,NA
ikebukuro,2024/12/1,23,NA
ikebukuro,2024/12/2,0,NA
ikebukuro,2024/12/2,1,NA
ikebukuro,2024/12/2,2,NA
ikebukuro,2024/12/2,3,NA
ikebukuro,2024/12/2,4,NA
ikebukuro,2024/12/2,5,NA
ikebukuro,2024/12/2,6,NA
ikebukuro,2024/12/2,7,NA
ikebukuro,2024/12/2,8,NA
ikebukuro,2024/12/2,9,NA
ikebukuro,2024/12/2,10,NA
ikebukuro,2024/12/2,11,NA
ikebukuro,2024/12/2,12,NA
ikebukuro,2024/12/2,13,NA
ikebukuro,2024/12/2,14,NA
ikebukuro,2024/12/2,15,NA
ikebukuro,2024/12/2,16,NA
ikebukuro,2024/12/2,17,NA
ikebukuro,2024/12/2,18,NA
ikebukuro,2024/12/2,19,NA
ikebukuro,2024/12/2,20,NA
ikebukuro,2024/12/2,21,NA
ikebukuro,2024/12/2,22,19371
ikebukuro,2024/12/2,23,13200
ikebukuro,2024/12/2,24,7714
ikebukuro,2024/12/3,1,5314
ikebukuro,2024/12/3,2,4971
ikebukuro,2024/12/3,3,4629
ikebukuro,2024/12/3,4,4971
ikebukuro,2024/12/3,5,5314
ikebukuro,2024/12/3,6,7371
ikebukuro,2024/12/3,7,14571
ikebukuro,2024/12/3,8,23143
ikebukuro,2024/12/3,9,22800
ikebukuro,2024/12/3,10,24857
ikebukuro,2024/12/3,11,27600
ikebukuro,2024/12/3,12,32743
ikebukuro,2024/12/3,13,34800
ikebukuro,2024/12/3,14,33771
ikebukuro,2024/12/3,15,34800
ikebukuro,2024/12/3,16,36857
ikebukuro,2024/12/3,17,40286
ikebukuro,2024/12/3,18,43714
ikebukuro,2024/12/3,19,41314
ikebukuro,2024/12/3,20,34114
ikebukuro,2024/12/3,21,27600
ikebukuro,2024/12/3,22,20743
ikebukuro,2024/12/3,23,13543
ikebukuro,2024/12/3,24,7714
ikebukuro,2024/12/4,1,5314
ikebukuro,2024/12/4,2,NA
ikebukuro,2024/12/4,3,NA
ikebukuro,2024/12/4,4,NA
ikebukuro,2024/12/4,5,NA
ikebukuro,2024/12/4,6,NA
ikebukuro,2024/12/4,7,NA
ikebukuro,2024/12/4,8,NA
ikebukuro,2024/12/4,9,NA
ikebukuro,2024/12/4,10,NA
ikebukuro,2024/12/4,11,NA
ikebukuro,2024/12/4,12,NA
ikebukuro,2024/12/4,13,NA
ikebukuro,2024/12/4,14,NA
ikebukuro,2024/12/4,15,NA
ikebukuro,2024/12/4,16,NA
ikebukuro,2024/12/4,17,NA
ikebukuro,2024/12/4,18,NA
ikebukuro,2024/12/4,19,NA
ikebukuro,2024/12/4,20,NA
ikebukuro,2024/12/4,21,NA
ikebukuro,2024/12/4,22,NA
ikebukuro,2024/12/4,23,NA
ikebukuro,2024/12/5,0,NA
ikebukuro,2024/12/5,1,NA
ikebukuro,2024/12/5,2,NA
ikebukuro,2024/12/5,3,NA
ikebukuro,2024/12/5,4,NA
ikebukuro,2024/12/5,5,NA
ikebukuro,2024/12/5,6,NA
ikebukuro,2024/12/5,7,NA
ikebukuro,2024/12/5,8,NA
ikebukuro,2024/12/5,9,NA
ikebukuro,2024/12/5,10,NA
ikebukuro,2024/12/5,11,NA
ikebukuro,2024/12/5,12,NA
ikebukuro,2024/12/5,13,NA
ikebukuro,2024/12/5,14,NA
ikebukuro,2024/12/5,15,NA
ikebukuro,2024/12/5,16,NA
ikebukuro,2024/12/5,17,NA
ikebukuro,2024/12/5,18,NA
ikebukuro,2024/12/5,19,NA
ikebukuro,2024/12/5,20,NA
ikebukuro,2024/12/5,21,NA
ikebukuro,2024/12/5,22,NA
ikebukuro,2024/12/5,23,NA
ikebukuro,2024/12/6,0,NA
ikebukuro,2024/12/6,1,NA
ikebukuro,2024/12/6,2,NA
ikebukuro,2024/12/6,3,NA
ikebukuro,2024/12/6,4,NA
ikebukuro,2024/12/6,5,NA
ikebukuro,2024/12/6,6,NA
ikebukuro,2024/12/6,7,NA
ikebukuro,2024/12/6,8,NA
ikebukuro,2024/12/6,9,NA
ikebukuro,2024/12/6,10,NA
ikebukuro,2024/12/6,11,NA
ikebukuro,2024/12/6,12,NA
ikebukuro,2024/12/6,13,NA
ikebukuro,2024/12/6,14,NA
ikebukuro,2024/12/6,15,NA
ikebukuro,2024/12/6,16,NA
ikebukuro,2024/12/6,17,NA
ikebukuro,2024/12/6,18,NA
ikebukuro,2024/12/6,19,NA
ikebukuro,2024/12/6,20,NA
ikebukuro,2024/12/6,21,NA
ikebukuro,2024/12/6,22,NA
ikebukuro,2024/12/6,23,NA
ikebukuro,2024/12/7,0,NA
ikebukuro,2024/12/7,1,NA
ikebukuro,2024/12/7,2,NA
ikebukuro,2024/12/7,3,NA
ikebukuro,2024/12/7,4,NA
ikebukuro,2024/12/7,5,NA
ikebukuro,2024/12/7,6,NA
ikebukuro,2024/12/7,7,NA
ikebukuro,2024/12/7,8,NA
ikebukuro,2024/12/7,9,NA
ikebukuro,2024/12/7,10,NA
ikebukuro,2024/12/7,11,NA
ikebukuro,2024/12/7,12,NA
ikebukuro,2024/12/7,13,NA
ikebukuro,2024/12/7,14,NA
ikebukuro,2024/12/7,15,NA
ikebukuro,2024/12/7,16,NA
ikebukuro,2024/12/7,17,NA
ikebukuro,2024/12/7,18,NA
ikebukuro,2024/12/7,19,NA
ikebukuro,2024/12/7,20,NA
ikebukuro,2024/12/7,21,NA
ikebukuro,2024/12/7,22,17657
ikebukuro,2024/12/7,23,12171
ikebukuro,2024/12/7,24,6686
ikebukuro,2024/12/8,1,4629
ikebukuro,2024/12/8,2,4629
ikebukuro,2024/12/8,3,4629
ikebukuro,2024/12/8,4,4629
ikebukuro,2024/12/8,5,4971
ikebukuro,2024/12/8,6,7371
ikebukuro,2024/12/8,7,14229
ikebukuro,2024/12/8,8,23829
ikebukuro,2024/12/8,9,22457
ikebukuro,2024/12/8,10,24514
ikebukuro,2024/12/8,11,27943
ikebukuro,2024/12/8,12,32743
ikebukuro,2024/12/8,13,35143
ikebukuro,2024/12/8,14,33771
ikebukuro,2024/12/8,15,34457
ikebukuro,2024/12/8,16,35829
ikebukuro,2024/12/8,17,38914
ikebukuro,2024/12/8,18,43029
ikebukuro,2024/12/8,19,41314
ikebukuro,2024/12/8,20,33086
ikebukuro,2024/12/8,21,25886
ikebukuro,2024/12/8,22,NA
ikebukuro,2024/12/8,23,13200
ikebukuro,2024/12/8,24,7371
ikebukuro,2024/12/9,1,4971
ikebukuro,2024/12/9,2,4971
ikebukuro,2024/12/9,3,4971
ikebukuro,2024/12/9,4,4971
ikebukuro,2024/12/9,5,5657
ikebukuro,2024/12/9,6,7371
ikebukuro,2024/12/9,7,14229
ikebukuro,2024/12/9,8,24514
ikebukuro,2024/12/9,9,23829
ikebukuro,2024/12/9,10,24857
ikebukuro,2024/12/9,11,28286
ikebukuro,2024/12/9,12,33771
ikebukuro,2024/12/9,13,36171
ikebukuro,2024/12/9,14,34800
ikebukuro,2024/12/9,15,35829
ikebukuro,2024/12/9,16,36857
ikebukuro,2024/12/9,17,41657
ikebukuro,2024/12/9,18,45429
ikebukuro,2024/12/9,19,43371
ikebukuro,2024/12/9,20,35486
ikebukuro,2024/12/9,21,28971
ikebukuro,2024/12/9,22,21429
ikebukuro,2024/12/9,23,14571
ikebukuro,2024/12/9,24,7714
ikebukuro,2024/12/10,1,5657
ikebukuro,2024/12/10,2,5314
ikebukuro,2024/12/10,3,4971
ikebukuro,2024/12/10,4,4971
ikebukuro,2024/12/10,5,5657
ikebukuro,2024/12/10,6,7371
ikebukuro,2024/12/10,7,14229
ikebukuro,2024/12/10,8,23143
ikebukuro,2024/12/10,9,22457
ikebukuro,2024/12/10,10,25200
ikebukuro,2024/12/10,11,29657
ikebukuro,2024/12/10,12,34729
ikebukuro,2024/12/10,13,37238
ikebukuro,2024/12/10,14,36155
ikebukuro,2024/12/10,15,37200
ikebukuro,2024/12/10,16,38571
ikebukuro,2024/12/10,17,42343
ikebukuro,2024/12/10,18,46800
ikebukuro,2024/12/10,19,44743
ikebukuro,2024/12/10,20,36514
ikebukuro,2024/12/10,21,29657
ikebukuro,2024/12/10,22,22457
ikebukuro,2024/12/10,23,15257
ikebukuro,2024/12/10,24,8400
ikebukuro,2024/12/11,1,5657
ikebukuro,2024/12/11,2,5657
ikebukuro,2024/12/11,3,5657
ikebukuro,2024/12/11,4,5314
ikebukuro,2024/12/11,5,5657
ikebukuro,2024/12/11,6,7371
ikebukuro,2024/12/11,7,13886
ikebukuro,2024/12/11,8,23486
ikebukuro,2024/12/11,9,24857
ikebukuro,2024/12/11,10,26571
ikebukuro,2024/12/11,11,29657
ikebukuro,2024/12/11,12,35143
ikebukuro,2024/12/11,13,37543
ikebukuro,2024/12/11,14,36171
ikebukuro,2024/12/11,15,36514
ikebukuro,2024/12/11,16,37886
ikebukuro,2024/12/11,17,42000
ikebukuro,2024/12/11,18,46135
ikebukuro,2024/12/11,19,45367
ikebukuro,2024/12/11,20,37938
ikebukuro,2024/12/11,21,30367
ikebukuro,2024/12/11,22,22929
ikebukuro,2024/12/11,23,15643
ikebukuro,2024/12/11,24,8357
ikebukuro,2024/12/12,1,5357
ikebukuro,2024/12/12,2,5357
ikebukuro,2024/12/12,3,4929
ikebukuro,2024/12/12,4,4929
ikebukuro,2024/12/12,5,5357
ikebukuro,2024/12/12,6,7500
ikebukuro,2024/12/12,7,13929
ikebukuro,2024/12/12,8,22929
ikebukuro,2024/12/12,9,22929
ikebukuro,2024/12/12,10,25929
ikebukuro,2024/12/12,11,30214
ikebukuro,2024/12/12,12,36214
ikebukuro,2024/12/12,13,38786
ikebukuro,2024/12/12,14,37929
ikebukuro,2024/12/12,15,39214
ikebukuro,2024/12/12,16,40929
ikebukuro,2024/12/12,17,45643
ikebukuro,2024/12/12,18,52071
ikebukuro,2024/12/12,19,53357
ikebukuro,2024/12/12,20,47786
ikebukuro,2024/12/12,21,40242
ikebukuro,2024/12/12,22,NA
ikebukuro,2024/12/12,23,NA
ikebukuro,2024/12/13,0,NA
ikebukuro,2024/12/13,1,NA
ikebukuro,2024/12/13,2,NA
ikebukuro,2024/12/13,3,NA
ikebukuro,2024/12/13,4,NA
ikebukuro,2024/12/13,5,NA
ikebukuro,2024/12/13,6,NA
ikebukuro,2024/12/13,7,NA
ikebukuro,2024/12/13,8,NA
ikebukuro,2024/12/13,9,NA
ikebukuro,2024/12/13,10,NA
ikebukuro,2024/12/13,11,NA
ikebukuro,2024/12/13,12,NA
ikebukuro,2024/12/13,13,NA
ikebukuro,2024/12/13,14,NA
ikebukuro,2024/12/13,15,NA
ikebukuro,2024/12/13,16,NA
ikebukuro,2024/12/13,17,NA
ikebukuro,2024/12/13,18,NA
ikebukuro,2024/12/13,19,NA
ikebukuro,2024/12/13,20,NA
ikebukuro,2024/12/13,21,NA
ikebukuro,2024/12/13,22,29657
ikebukuro,2024/12/13,23,21429
ikebukuro,2024/12/13,24,12171
ikebukuro,2024/12/14,1,8057
ikebukuro,2024/12/14,2,7714
ikebukuro,2024/12/14,3,7371
ikebukuro,2024/12/14,4,7371
ikebukuro,2024/12/14,5,7714
ikebukuro,2024/12/14,6,7029
ikebukuro,2024/12/14,7,8057
ikebukuro,2024/12/14,8,10457
ikebukuro,2024/12/14,9,15600
ikebukuro,2024/12/14,10,23829
ikebukuro,2024/12/14,11,33429
ikebukuro,2024/12/14,12,40629
ikebukuro,2024/12/14,13,45429
ikebukuro,2024/12/14,14,47829
ikebukuro,2024/12/14,15,49543
ikebukuro,2024/12/14,16,49200
ikebukuro,2024/12/14,17,47829
ikebukuro,2024/12/14,18,43714
ikebukuro,2024/12/14,19,38571
ikebukuro,2024/12/14,20,32057
ikebukuro,2024/12/14,21,25543
ikebukuro,2024/12/14,22,19029
ikebukuro,2024/12/14,23,12857
ikebukuro,2024/12/14,24,7371
ikebukuro,2024/12/15,1,5314
ikebukuro,2024/12/15,2,4971
ikebukuro,2024/12/15,3,4629
ikebukuro,2024/12/15,4,4971
ikebukuro,2024/12/15,5,5314
ikebukuro,2024/12/15,6,7029
ikebukuro,2024/12/15,7,13886
ikebukuro,2024/12/15,8,23143
ikebukuro,2024/12/15,9,23143
ikebukuro,2024/12/15,10,25543
ikebukuro,2024/12/15,11,28971
ikebukuro,2024/12/15,12,34114
ikebukuro,2024/12/15,13,36857
ikebukuro,2024/12/15,14,36514
ikebukuro,2024/12/15,15,37543
ikebukuro,2024/12/15,16,38571
ikebukuro,2024/12/15,17,42686
ikebukuro,2024/12/15,18,47143
ikebukuro,2024/12/15,19,44743
ikebukuro,2024/12/15,20,36305
ikebukuro,2024/12/15,21,29303
ikebukuro,2024/12/15,22,NA
ikebukuro,2024/12/15,23,14571
ikebukuro,2024/12/15,24,8057
ikebukuro,2024/12/16,1,5314
ikebukuro,2024/12/16,2,5314
ikebukuro,2024/12/16,3,4971
ikebukuro,2024/12/16,4,4971
ikebukuro,2024/12/16,5,5657
ikebukuro,2024/12/16,6,7371
ikebukuro,2024/12/16,7,14229
ikebukuro,2024/12/16,8,23143
ikebukuro,2024/12/16,9,22800
ikebukuro,2024/12/16,10,25200
ikebukuro,2024/12/16,11,29314
ikebukuro,2024/12/16,12,34800
ikebukuro,2024/12/16,13,37543
ikebukuro,2024/12/16,14,36171
ikebukuro,2024/12/16,15,36857
ikebukuro,2024/12/16,16,38229
ikebukuro,2024/12/16,17,43029
ikebukuro,2024/12/16,18,47486
ikebukuro,2024/12/16,19,45086
ikebukuro,2024/12/16,20,37543
ikebukuro,2024/12/16,21,31371
ikebukuro,2024/12/16,22,23143
shinjuku,2024/11/14,4,1929
shinjuku,2024/11/14,5,2786
shinjuku,2024/11/14,6,5786
shinjuku,2024/11/14,7,13071
shinjuku,2024/11/14,8,27214
shinjuku,2024/11/14,9,37071
shinjuku,2024/11/14,10,40929
shinjuku,2024/11/14,11,44786
shinjuku,2024/11/14,12,49500
shinjuku,2024/11/14,13,51214
shinjuku,2024/11/14,14,50786
shinjuku,2024/11/14,15,51214
shinjuku,2024/11/14,16,52500
shinjuku,2024/11/14,17,54643
shinjuku,2024/11/14,18,56357
shinjuku,2024/11/14,19,51643
shinjuku,2024/11/14,20,41786
shinjuku,2024/11/14,21,32357
shinjuku,2024/11/14,22,22838
shinjuku,2024/11/14,23,14859
shinjuku,2024/11/14,24,5786
shinjuku,2024/11/15,1,2024
shinjuku,2024/11/15,2,2156
shinjuku,2024/11/15,3,2341
shinjuku,2024/11/15,4,2396
shinjuku,2024/11/15,5,3320
shinjuku,2024/11/15,6,4487
shinjuku,2024/11/15,7,7636
shinjuku,2024/11/15,8,11660
shinjuku,2024/11/15,9,16963
shinjuku,2024/11/15,10,23738
shinjuku,2024/11/15,11,31132
shinjuku,2024/11/15,12,37340
shinjuku,2024/11/15,13,41576
shinjuku,2024/11/15,14,42898
shinjuku,2024/11/15,15,44618
shinjuku,2024/11/15,16,45857
shinjuku,2024/11/15,17,46099
shinjuku,2024/11/15,18,41783
shinjuku,2024/11/15,19,36074
shinjuku,2024/11/15,20,29731
shinjuku,2024/11/15,21,23158
shinjuku,2024/11/15,22,NA
shinjuku,2024/11/15,23,10857
shinjuku,2024/11/15,24,4722
shinjuku,2024/11/16,1,1800
shinjuku,2024/11/16,2,1998
shinjuku,2024/11/16,3,2105
shinjuku,2024/11/16,4,2266
shinjuku,2024/11/16,5,3261
shinjuku,2024/11/16,6,3984
shinjuku,2024/11/16,7,5941
shinjuku,2024/11/16,8,9250
shinjuku,2024/11/16,9,14410
shinjuku,2024/11/16,10,20888
shinjuku,2024/11/16,11,28322
shinjuku,2024/11/16,12,32831
shinjuku,2024/11/16,13,36017
shinjuku,2024/11/16,14,37626
shinjuku,2024/11/16,15,38510
shinjuku,2024/11/16,16,39402
shinjuku,2024/11/16,17,38497
shinjuku,2024/11/16,18,33817
shinjuku,2024/11/16,19,27642
shinjuku,2024/11/16,20,21784
shinjuku,2024/11/16,21,15714
shinjuku,2024/11/16,22,11388
shinjuku,2024/11/16,23,NA
shinjuku,2024/11/17,0,NA
shinjuku,2024/11/17,1,1071
shinjuku,2024/11/17,2,1071
shinjuku,2024/11/17,3,1500
shinjuku,2024/11/17,4,1500
shinjuku,2024/11/17,5,2357
shinjuku,2024/11/17,6,5208
shinjuku,2024/11/17,7,13380
shinjuku,2024/11/17,8,27218
shinjuku,2024/11/17,9,36590
shinjuku,2024/11/17,10,40876
shinjuku,2024/11/17,11,43929
shinjuku,2024/11/17,12,48214
shinjuku,2024/11/17,13,48643
shinjuku,2024/11/17,14,47786
shinjuku,2024/11/17,15,48643
shinjuku,2024/11/17,16,49929
shinjuku,2024/11/17,17,51643
shinjuku,2024/11/17,18,52500
shinjuku,2024/11/17,19,43677
shinjuku,2024/11/17,20,31828
shinjuku,2024/11/17,21,21643
shinjuku,2024/11/17,22,13071
shinjuku,2024/11/17,23,7500
shinjuku,2024/11/17,24,3196
shinjuku,2024/11/18,1,1404
shinjuku,2024/11/18,2,1499
shinjuku,2024/11/18,3,1766
shinjuku,2024/11/18,4,1837
shinjuku,2024/11/18,5,2656
shinjuku,2024/11/18,6,5485
shinjuku,2024/11/18,7,13907
shinjuku,2024/11/18,8,28084
shinjuku,2024/11/18,9,37426
shinjuku,2024/11/18,10,41396
shinjuku,2024/11/18,11,44405
shinjuku,2024/11/18,12,48684
shinjuku,2024/11/18,13,50163
shinjuku,2024/11/18,14,49279
shinjuku,2024/11/18,15,49545
shinjuku,2024/11/18,16,51085
shinjuku,2024/11/18,17,52856
shinjuku,2024/11/18,18,52293
shinjuku,2024/11/18,19,44843
shinjuku,2024/11/18,20,33464
shinjuku,2024/11/18,21,23679
shinjuku,2024/11/18,22,15904
shinjuku,2024/11/18,23,8286
shinjuku,2024/11/18,24,3259
shinjuku,2024/11/19,1,1503
shinjuku,2024/11/19,2,1633
shinjuku,2024/11/19,3,1742
shinjuku,2024/11/19,4,1841
shinjuku,2024/11/19,5,2702
shinjuku,2024/11/19,6,5239
shinjuku,2024/11/19,7,13141
shinjuku,2024/11/19,8,27352
shinjuku,2024/11/19,9,36238
shinjuku,2024/11/19,10,40157
shinjuku,2024/11/19,11,43275
shinjuku,2024/11/19,12,48153
shinjuku,2024/11/19,13,49793
shinjuku,2024/11/19,14,49030
shinjuku,2024/11/19,15,49339
shinjuku,2024/11/19,16,50476
shinjuku,2024/11/19,17,52221
shinjuku,2024/11/19,18,51721
shinjuku,2024/11/19,19,44418
shinjuku,2024/11/19,20,33974
shinjuku,2024/11/19,21,24457
shinjuku,2024/11/19,22,15777
shinjuku,2024/11/19,23,8786
shinjuku,2024/11/19,24,3489
shinjuku,2024/11/20,1,1500
shinjuku,2024/11/20,2,1738
shinjuku,2024/11/20,3,1783
shinjuku,2024/11/20,4,1929
shinjuku,2024/11/20,5,2786
shinjuku,2024/11/20,6,5419
shinjuku,2024/11/20,7,13653
shinjuku,2024/11/20,8,28071
shinjuku,2024/11/20,9,37929
shinjuku,2024/11/20,10,42214
shinjuku,2024/11/20,11,44786
shinjuku,2024/11/20,12,48643
shinjuku,2024/11/20,13,50357
shinjuku,2024/11/20,14,49500
shinjuku,2024/11/20,15,49500
shinjuku,2024/11/20,16,50786
shinjuku,2024/11/20,17,52929
shinjuku,2024/11/20,18,52500
shinjuku,2024/11/20,19,44862
shinjuku,2024/11/20,20,34297
shinjuku,2024/11/20,21,25008
shinjuku,2024/11/20,22,NA
shinjuku,2024/11/20,23,8357
shinjuku,2024/11/20,24,3643
shinjuku,2024/11/21,1,1547
shinjuku,2024/11/21,2,1785
shinjuku,2024/11/21,3,1841
shinjuku,2024/11/21,4,1934
shinjuku,2024/11/21,5,2742
shinjuku,2024/11/21,6,5188
shinjuku,2024/11/21,7,13408
shinjuku,2024/11/21,8,26786
shinjuku,2024/11/21,9,37071
shinjuku,2024/11/21,10,42214
shinjuku,2024/11/21,11,44786
shinjuku,2024/11/21,12,49500
shinjuku,2024/11/21,13,50786
shinjuku,2024/11/21,14,50357
shinjuku,2024/11/21,15,51214
shinjuku,2024/11/21,16,52071
shinjuku,2024/11/21,17,53786
shinjuku,2024/11/21,18,55071
shinjuku,2024/11/21,19,49500
shinjuku,2024/11/21,20,40929
shinjuku,2024/11/21,21,31500
shinjuku,2024/11/21,22,22285
shinjuku,2024/11/21,23,14829
shinjuku,2024/11/21,24,5988
shinjuku,2024/11/22,1,2159
shinjuku,2024/11/22,2,2207
shinjuku,2024/11/22,3,2366
shinjuku,2024/11/22,4,2466
shinjuku,2024/11/22,5,3485
shinjuku,2024/11/22,6,4646
shinjuku,2024/11/22,7,7658
shinjuku,2024/11/22,8,11815
shinjuku,2024/11/22,9,17075
shinjuku,2024/11/22,10,24136
shinjuku,2024/11/22,11,30990
shinjuku,2024/11/22,12,36229
shinjuku,2024/11/22,13,39911
shinjuku,2024/11/22,14,41273
shinjuku,2024/11/22,15,42153
shinjuku,2024/11/22,16,42892
shinjuku,2024/11/22,17,43719
shinjuku,2024/11/22,18,39897
shinjuku,2024/11/22,19,34172
shinjuku,2024/11/22,20,28607
shinjuku,2024/11/22,21,22533
shinjuku,2024/11/22,22,15864
shinjuku,2024/11/22,23,10332
shinjuku,2024/11/22,24,4442
shinjuku,2024/11/23,1,1778
shinjuku,2024/11/23,2,2028
shinjuku,2024/11/23,3,2109
shinjuku,2024/11/23,4,2373
shinjuku,2024/11/23,5,3477
shinjuku,2024/11/23,6,4092
shinjuku,2024/11/23,7,6191
shinjuku,2024/11/23,8,8762
shinjuku,2024/11/23,9,13730
shinjuku,2024/11/23,10,20047
shinjuku,2024/11/23,11,26404
shinjuku,2024/11/23,12,31243
shinjuku,2024/11/23,13,33508
shinjuku,2024/11/23,14,34792
shinjuku,2024/11/23,15,36352
shinjuku,2024/11/23,16,37653
shinjuku,2024/11/23,17,38109
shinjuku,2024/11/23,18,35363
shinjuku,2024/11/23,19,30742
shinjuku,2024/11/23,20,25123
shinjuku,2024/11/23,21,19813
shinjuku,2024/11/23,22,NA
shinjuku,2024/11/23,23,9086
shinjuku,2024/11/23,24,3943
shinjuku,2024/11/24,1,1543
shinjuku,2024/11/24,2,1543
shinjuku,2024/11/24,3,1886
shinjuku,2024/11/24,4,1886
shinjuku,2024/11/24,5,2914
shinjuku,2024/11/24,6,3943
shinjuku,2024/11/24,7,5657
shinjuku,2024/11/24,8,9086
shinjuku,2024/11/24,9,13886
shinjuku,2024/11/24,10,19373
shinjuku,2024/11/24,11,24513
shinjuku,2024/11/24,12,29345
shinjuku,2024/11/24,13,31562
shinjuku,2024/11/24,14,32300
shinjuku,2024/11/24,15,33862
shinjuku,2024/11/24,16,34135
shinjuku,2024/11/24,17,35020
shinjuku,2024/11/24,18,30862
shinjuku,2024/11/24,19,26201
shinjuku,2024/11/24,20,21242
shinjuku,2024/11/24,21,16441
shinjuku,2024/11/24,22,10929
shinjuku,2024/11/24,23,6643
shinjuku,2024/11/24,24,2786
shinjuku,2024/11/25,1,1071
shinjuku,2024/11/25,2,1500
shinjuku,2024/11/25,3,1500
shinjuku,2024/11/25,4,1500
shinjuku,2024/11/25,5,2357
shinjuku,2024/11/25,6,5229
shinjuku,2024/11/25,7,13905
shinjuku,2024/11/25,8,27736
shinjuku,2024/11/25,9,36760
shinjuku,2024/11/25,10,40929
shinjuku,2024/11/25,11,43071
shinjuku,2024/11/25,12,46929
shinjuku,2024/11/25,13,48214
shinjuku,2024/11/25,14,47357
shinjuku,2024/11/25,15,47786
shinjuku,2024/11/25,16,49071
shinjuku,2024/11/25,17,50786
shinjuku,2024/11/25,18,52500
shinjuku,2024/11/25,19,44515
shinjuku,2024/11/25,20,33319
shinjuku,2024/11/25,21,22982
shinjuku,2024/11/25,22,13929
shinjuku,2024/11/25,23,7929
shinjuku,2024/11/25,24,3214
shinjuku,2024/11/26,1,1500
shinjuku,2024/11/26,2,1929
shinjuku,2024/11/26,3,1500
shinjuku,2024/11/26,4,1500
shinjuku,2024/11/26,5,2786
shinjuku,2024/11/26,6,5354
shinjuku,2024/11/26,7,13541
shinjuku,2024/11/26,8,27287
shinjuku,2024/11/26,9,36526
shinjuku,2024/11/26,10,39936
shinjuku,2024/11/26,11,42888
shinjuku,2024/11/26,12,47316
shinjuku,2024/11/26,13,48643
shinjuku,2024/11/26,14,47357
shinjuku,2024/11/26,15,48214
shinjuku,2024/11/26,16,49500
shinjuku,2024/11/26,17,51643
shinjuku,2024/11/26,18,51643
shinjuku,2024/11/26,19,44511
shinjuku,2024/11/26,20,33561
shinjuku,2024/11/26,21,24643
shinjuku,2024/11/26,22,16071
shinjuku,2024/11/26,23,8786
shinjuku,2024/11/26,24,3637
shinjuku,2024/11/27,1,1559
shinjuku,2024/11/27,2,1724
shinjuku,2024/11/27,3,1827
shinjuku,2024/11/27,4,1908
shinjuku,2024/11/27,5,2857
shinjuku,2024/11/27,6,5267
shinjuku,2024/11/27,7,12922
shinjuku,2024/11/27,8,27214
shinjuku,2024/11/27,9,36643
shinjuku,2024/11/27,10,41357
shinjuku,2024/11/27,11,43929
shinjuku,2024/11/27,12,48214
shinjuku,2024/11/27,13,49500
shinjuku,2024/11/27,14,48643
shinjuku,2024/11/27,15,48643
shinjuku,2024/11/27,16,49500
shinjuku,2024/11/27,17,51643
shinjuku,2024/11/27,18,52071
shinjuku,2024/11/27,19,45214
shinjuku,2024/11/27,20,34500
shinjuku,2024/11/27,21,25500
shinjuku,2024/11/27,22,NA
shinjuku,2024/11/27,23,10071
shinjuku,2024/11/27,24,4500
shinjuku,2024/11/28,1,1500
shinjuku,2024/11/28,2,1500
shinjuku,2024/11/28,3,1929
shinjuku,2024/11/28,4,1929
shinjuku,2024/11/28,5,2915
shinjuku,2024/11/28,6,5149
shinjuku,2024/11/28,7,13145
shinjuku,2024/11/28,8,27020
shinjuku,2024/11/28,9,37096
shinjuku,2024/11/28,10,41357
shinjuku,2024/11/28,11,44357
shinjuku,2024/11/28,12,49071
shinjuku,2024/11/28,13,49929
shinjuku,2024/11/28,14,49500
shinjuku,2024/11/28,15,49929
shinjuku,2024/11/28,16,50786
shinjuku,2024/11/28,17,52929
shinjuku,2024/11/28,18,54643
shinjuku,2024/11/28,19,50357
shinjuku,2024/11/28,20,41786
shinjuku,2024/11/28,21,32786
shinjuku,2024/11/28,22,23357
shinjuku,2024/11/28,23,15600
shinjuku,2024/11/28,24,6343
shinjuku,2024/11/29,1,2229
shinjuku,2024/11/29,2,2229
shinjuku,2024/11/29,3,2571
shinjuku,2024/11/29,4,2571
shinjuku,2024/11/29,5,3600
shinjuku,2024/11/29,6,4286
shinjuku,2024/11/29,7,7452
shinjuku,2024/11/29,8,11028
shinjuku,2024/11/29,9,16113
shinjuku,2024/11/29,10,22885
shinjuku,2024/11/29,11,29722
shinjuku,2024/11/29,12,34445
shinjuku,2024/11/29,13,38553
shinjuku,2024/11/29,14,40796
shinjuku,2024/11/29,15,42312
shinjuku,2024/11/29,16,43245
shinjuku,2024/11/29,17,44189
shinjuku,2024/11/29,18,40635
shinjuku,2024/11/29,19,35686
shinjuku,2024/11/29,20,30027
shinjuku,2024/11/29,21,24059
shinjuku,2024/11/29,22,17482
shinjuku,2024/11/29,23,11266
shinjuku,2024/11/29,24,4546
shinjuku,2024/11/30,1,1757
shinjuku,2024/11/30,2,1920
shinjuku,2024/11/30,3,2129
shinjuku,2024/11/30,4,2363
shinjuku,2024/11/30,5,3126
shinjuku,2024/11/30,6,3758
shinjuku,2024/11/30,7,5221
shinjuku,2024/11/30,8,8438
shinjuku,2024/11/30,9,13785
shinjuku,2024/11/30,10,20052
shinjuku,2024/11/30,11,26447
shinjuku,2024/11/30,12,31142
shinjuku,2024/11/30,13,33212
shinjuku,2024/11/30,14,34727
shinjuku,2024/11/30,15,35506
shinjuku,2024/11/30,16,35801
shinjuku,2024/11/30,17,36656
shinjuku,2024/11/30,18,33561
shinjuku,2024/11/30,19,26719
shinjuku,2024/11/30,20,21362
shinjuku,2024/11/30,21,NA
shinjuku,2024/11/30,22,11425
shinjuku,2024/11/30,23,6875
shinjuku,2024/11/30,24,2772
shinjuku,2024/12/1,1,1275
shinjuku,2024/12/1,2,1033
shinjuku,2024/12/1,3,1152
shinjuku,2024/12/1,4,1352
shinjuku,2024/12/1,5,2774
shinjuku,2024/12/1,6,5525
shinjuku,2024/12/1,7,14206
shinjuku,2024/12/1,8,29304
shinjuku,2024/12/1,9,38002
shinjuku,2024/12/1,10,41004
shinjuku,2024/12/1,11,42916
shinjuku,2024/12/1,12,47344
shinjuku,2024/12/1,13,48221
shinjuku,2024/12/1,14,47324
shinjuku,2024/12/1,15,48291
shinjuku,2024/12/1,16,48840
shinjuku,2024/12/1,17,50832
shinjuku,2024/12/1,18,50612
shinjuku,2024/12/1,19,43118
shinjuku,2024/12/1,20,31227
shinjuku,2024/12/1,21,21155
shinjuku,2024/12/1,22,NA
shinjuku,2024/12/1,23,NA
shinjuku,2024/12/2,0,NA
shinjuku,2024/12/2,1,NA
shinjuku,2024/12/2,2,NA
shinjuku,2024/12/2,3,NA
shinjuku,2024/12/2,4,NA
shinjuku,2024/12/2,5,NA
shinjuku,2024/12/2,6,NA
shinjuku,2024/12/2,7,NA
shinjuku,2024/12/2,8,NA
shinjuku,2024/12/2,9,NA
shinjuku,2024/12/2,10,NA
shinjuku,2024/12/2,11,NA
shinjuku,2024/12/2,12,NA
shinjuku,2024/12/2,13,NA
shinjuku,2024/12/2,14,NA
shinjuku,2024/12/2,15,NA
shinjuku,2024/12/2,16,NA
shinjuku,2024/12/2,17,NA
shinjuku,2024/12/2,18,NA
shinjuku,2024/12/2,19,NA
shinjuku,2024/12/2,20,NA
shinjuku,2024/12/2,21,NA
shinjuku,2024/12/2,22,14679
shinjuku,2024/12/2,23,8263
shinjuku,2024/12/2,24,3315
shinjuku,2024/12/3,1,1511
shinjuku,2024/12/3,2,1782
shinjuku,2024/12/3,3,1715
shinjuku,2024/12/3,4,1912
shinjuku,2024/12/3,5,2571
shinjuku,2024/12/3,6,4971
shinjuku,2024/12/3,7,13200
shinjuku,2024/12/3,8,27943
shinjuku,2024/12/3,9,36872
shinjuku,2024/12/3,10,40629
shinjuku,2024/12/3,11,43029
shinjuku,2024/12/3,12,47486
shinjuku,2024/12/3,13,48401
shinjuku,2024/12/3,14,47727
shinjuku,2024/12/3,15,48076
shinjuku,2024/12/3,16,49449
shinjuku,2024/12/3,17,51128
shinjuku,2024/12/3,18,51257
shinjuku,2024/12/3,19,43023
shinjuku,2024/12/3,20,32318
shinjuku,2024/12/3,21,23538
shinjuku,2024/12/3,22,15257
shinjuku,2024/12/3,23,8400
shinjuku,2024/12/3,24,3257
shinjuku,2024/12/4,1,1543
shinjuku,2024/12/4,2,NA
shinjuku,2024/12/4,3,NA
shinjuku,2024/12/4,4,NA
shinjuku,2024/12/4,5,NA
shinjuku,2024/12/4,6,NA
shinjuku,2024/12/4,7,NA
shinjuku,2024/12/4,8,NA
shinjuku,2024/12/4,9,NA
shinjuku,2024/12/4,10,NA
shinjuku,2024/12/4,11,NA
shinjuku,2024/12/4,12,NA
shinjuku,2024/12/4,13,NA
shinjuku,2024/12/4,14,NA
shinjuku,2024/12/4,15,NA
shinjuku,2024/12/4,16,NA
shinjuku,2024/12/4,17,NA
shinjuku,2024/12/4,18,NA
shinjuku,2024/12/4,19,NA
shinjuku,2024/12/4,20,NA
shinjuku,2024/12/4,21,NA
shinjuku,2024/12/4,22,NA
shinjuku,2024/12/4,23,NA
shinjuku,2024/12/5,0,NA
shinjuku,2024/12/5,1,NA
shinjuku,2024/12/5,2,NA
shinjuku,2024/12/5,3,NA
shinjuku,2024/12/5,4,NA
shinjuku,2024/12/5,5,NA
shinjuku,2024/12/5,6,NA
shinjuku,2024/12/5,7,NA
shinjuku,2024/12/5,8,NA
shinjuku,2024/12/5,9,NA
shinjuku,2024/12/5,10,NA
shinjuku,2024/12/5,11,NA
shinjuku,2024/12/5,12,NA
shinjuku,2024/12/5,13,NA
shinjuku,2024/12/5,14,NA
shinjuku,2024/12/5,15,NA
shinjuku,2024/12/5,16,NA
shinjuku,2024/12/5,17,NA
shinjuku,2024/12/5,18,NA
shinjuku,2024/12/5,19,NA
shinjuku,2024/12/5,20,NA
shinjuku,2024/12/5,21,NA
shinjuku,2024/12/5,22,NA
shinjuku,2024/12/5,23,NA
shinjuku,2024/12/6,0,NA
shinjuku,2024/12/6,1,NA
shinjuku,2024/12/6,2,NA
shinjuku,2024/12/6,3,NA
shinjuku,2024/12/6,4,NA
shinjuku,2024/12/6,5,NA
shinjuku,2024/12/6,6,NA
shinjuku,2024/12/6,7,NA
shinjuku,2024/12/6,8,NA
shinjuku,2024/12/6,9,NA
shinjuku,2024/12/6,10,NA
shinjuku,2024/12/6,11,NA
shinjuku,2024/12/6,12,NA
shinjuku,2024/12/6,13,NA
shinjuku,2024/12/6,14,NA
shinjuku,2024/12/6,15,NA
shinjuku,2024/12/6,16,NA
shinjuku,2024/12/6,17,NA
shinjuku,2024/12/6,18,NA
shinjuku,2024/12/6,19,NA
shinjuku,2024/12/6,20,NA
shinjuku,2024/12/6,21,NA
shinjuku,2024/12/6,22,NA
shinjuku,2024/12/6,23,NA
shinjuku,2024/12/7,0,NA
shinjuku,2024/12/7,1,NA
shinjuku,2024/12/7,2,NA
shinjuku,2024/12/7,3,NA
shinjuku,2024/12/7,4,NA
shinjuku,2024/12/7,5,NA
shinjuku,2024/12/7,6,NA
shinjuku,2024/12/7,7,NA
shinjuku,2024/12/7,8,NA
shinjuku,2024/12/7,9,NA
shinjuku,2024/12/7,10,NA
shinjuku,2024/12/7,11,NA
shinjuku,2024/12/7,12,NA
shinjuku,2024/12/7,13,NA
shinjuku,2024/12/7,14,NA
shinjuku,2024/12/7,15,NA
shinjuku,2024/12/7,16,NA
shinjuku,2024/12/7,17,NA
shinjuku,2024/12/7,18,NA
shinjuku,2024/12/7,19,NA
shinjuku,2024/12/7,20,NA
shinjuku,2024/12/7,21,NA
shinjuku,2024/12/7,22,12171
shinjuku,2024/12/7,23,7029
shinjuku,2024/12/7,24,2571
shinjuku,2024/12/8,1,1200
shinjuku,2024/12/8,2,1200
shinjuku,2024/12/8,3,1200
shinjuku,2024/12/8,4,1543
shinjuku,2024/12/8,5,2571
shinjuku,2024/12/8,6,4971
shinjuku,2024/12/8,7,13543
shinjuku,2024/12/8,8,27943
shinjuku,2024/12/8,9,37200
shinjuku,2024/12/8,10,40629
shinjuku,2024/12/8,11,43371
shinjuku,2024/12/8,12,48514
shinjuku,2024/12/8,13,49543
shinjuku,2024/12/8,14,47829
shinjuku,2024/12/8,15,48514
shinjuku,2024/12/8,16,48857
shinjuku,2024/12/8,17,50914
shinjuku,2024/12/8,18,50914
shinjuku,2024/12/8,19,43234
shinjuku,2024/12/8,20,32160
shinjuku,2024/12/8,21,22435
shinjuku,2024/12/8,22,NA
shinjuku,2024/12/8,23,7929
shinjuku,2024/12/8,24,3214
shinjuku,2024/12/9,1,1500
shinjuku,2024/12/9,2,1929
shinjuku,2024/12/9,3,1929
shinjuku,2024/12/9,4,1929
shinjuku,2024/12/9,5,2786
shinjuku,2024/12/9,6,5363
shinjuku,2024/12/9,7,13518
shinjuku,2024/12/9,8,28850
shinjuku,2024/12/9,9,37929
shinjuku,2024/12/9,10,41437
shinjuku,2024/12/9,11,44357
shinjuku,2024/12/9,12,49500
shinjuku,2024/12/9,13,50786
shinjuku,2024/12/9,14,49929
shinjuku,2024/12/9,15,49929
shinjuku,2024/12/9,16,49929
shinjuku,2024/12/9,17,52500
shinjuku,2024/12/9,18,52929
shinjuku,2024/12/9,19,45643
shinjuku,2024/12/9,20,34929
shinjuku,2024/12/9,21,25164
shinjuku,2024/12/9,22,16500
shinjuku,2024/12/9,23,9214
shinjuku,2024/12/9,24,3214
shinjuku,2024/12/10,1,1500
shinjuku,2024/12/10,2,1779
shinjuku,2024/12/10,3,1500
shinjuku,2024/12/10,4,1929
shinjuku,2024/12/10,5,2786
shinjuku,2024/12/10,6,5228
shinjuku,2024/12/10,7,13516
shinjuku,2024/12/10,8,27643
shinjuku,2024/12/10,9,36643
shinjuku,2024/12/10,10,40929
shinjuku,2024/12/10,11,43929
shinjuku,2024/12/10,12,49071
shinjuku,2024/12/10,13,50357
shinjuku,2024/12/10,14,49500
shinjuku,2024/12/10,15,49929
shinjuku,2024/12/10,16,49929
shinjuku,2024/12/10,17,52500
shinjuku,2024/12/10,18,52929
shinjuku,2024/12/10,19,46071
shinjuku,2024/12/10,20,35357
shinjuku,2024/12/10,21,26352
shinjuku,2024/12/10,22,17786
shinjuku,2024/12/10,23,10500
shinjuku,2024/12/10,24,3643
shinjuku,2024/12/11,1,1929
shinjuku,2024/12/11,2,1789
shinjuku,2024/12/11,3,2040
shinjuku,2024/12/11,4,1968
shinjuku,2024/12/11,5,2864
shinjuku,2024/12/11,6,5532
shinjuku,2024/12/11,7,13400
shinjuku,2024/12/11,8,28071
shinjuku,2024/12/11,9,37929
shinjuku,2024/12/11,10,42643
shinjuku,2024/12/11,11,44786
shinjuku,2024/12/11,12,49929
shinjuku,2024/12/11,13,51214
shinjuku,2024/12/11,14,49929
shinjuku,2024/12/11,15,50786
shinjuku,2024/12/11,16,51643
shinjuku,2024/12/11,17,53786
shinjuku,2024/12/11,18,53357
shinjuku,2024/12/11,19,47786
shinjuku,2024/12/11,20,36643
shinjuku,2024/12/11,21,27643
shinjuku,2024/12/11,22,19071
shinjuku,2024/12/11,23,11357
shinjuku,2024/12/11,24,4500
shinjuku,2024/12/12,1,1929
shinjuku,2024/12/12,2,1929
shinjuku,2024/12/12,3,1929
shinjuku,2024/12/12,4,1929
shinjuku,2024/12/12,5,3214
shinjuku,2024/12/12,6,5786
shinjuku,2024/12/12,7,13500
shinjuku,2024/12/12,8,28071
shinjuku,2024/12/12,9,37500
shinjuku,2024/12/12,10,42214
shinjuku,2024/12/12,11,45643
shinjuku,2024/12/12,12,51214
shinjuku,2024/12/12,13,52071
shinjuku,2024/12/12,14,52071
shinjuku,2024/12/12,15,52500
shinjuku,2024/12/12,16,52929
shinjuku,2024/12/12,17,55500
shinjuku,2024/12/12,18,57643
shinjuku,2024/12/12,19,53786
shinjuku,2024/12/12,20,44786
shinjuku,2024/12/12,21,35786
shinjuku,2024/12/12,22,NA
shinjuku,2024/12/12,23,NA
shinjuku,2024/12/13,0,NA
shinjuku,2024/12/13,1,NA
shinjuku,2024/12/13,2,NA
shinjuku,2024/12/13,3,NA
shinjuku,2024/12/13,4,NA
shinjuku,2024/12/13,5,NA
shinjuku,2024/12/13,6,NA
shinjuku,2024/12/13,7,NA
shinjuku,2024/12/13,8,NA
shinjuku,2024/12/13,9,NA
shinjuku,2024/12/13,10,NA
shinjuku,2024/12/13,11,NA
shinjuku,2024/12/13,12,NA
shinjuku,2024/12/13,13,NA
shinjuku,2024/12/13,14,NA
shinjuku,2024/12/13,15,NA
shinjuku,2024/12/13,16,NA
shinjuku,2024/12/13,17,NA
shinjuku,2024/12/13,18,NA
shinjuku,2024/12/13,19,NA
shinjuku,2024/12/13,20,NA
shinjuku,2024/12/13,21,NA
shinjuku,2024/12/13,22,21444
shinjuku,2024/12/13,23,13312
shinjuku,2024/12/13,24,5314
shinjuku,2024/12/14,1,1886
shinjuku,2024/12/14,2,2229
shinjuku,2024/12/14,3,2229
shinjuku,2024/12/14,4,2571
shinjuku,2024/12/14,5,3462
shinjuku,2024/12/14,6,3943
shinjuku,2024/12/14,7,5314
shinjuku,2024/12/14,8,8400
shinjuku,2024/12/14,9,13543
shinjuku,2024/12/14,10,19708
shinjuku,2024/12/14,11,27257
shinjuku,2024/12/14,12,32230
shinjuku,2024/12/14,13,35356
shinjuku,2024/12/14,14,37421
shinjuku,2024/12/14,15,38795
shinjuku,2024/12/14,16,39232
shinjuku,2024/12/14,17,38229
shinjuku,2024/12/14,18,34457
shinjuku,2024/12/14,19,28629
shinjuku,2024/12/14,20,25543
shinjuku,2024/12/14,21,22114
shinjuku,2024/12/14,22,14065
shinjuku,2024/12/14,23,8050
shinjuku,2024/12/14,24,2953
shinjuku,2024/12/15,1,1290
shinjuku,2024/12/15,2,1340
shinjuku,2024/12/15,3,1594
shinjuku,2024/12/15,4,1750
shinjuku,2024/12/15,5,2875
shinjuku,2024/12/15,6,5483
shinjuku,2024/12/15,7,13838
shinjuku,2024/12/15,8,28306
shinjuku,2024/12/15,9,37377
shinjuku,2024/12/15,10,41304
shinjuku,2024/12/15,11,43812
shinjuku,2024/12/15,12,48523
shinjuku,2024/12/15,13,49589
shinjuku,2024/12/15,14,49100
shinjuku,2024/12/15,15,49481
shinjuku,2024/12/15,16,50366
shinjuku,2024/12/15,17,52506
shinjuku,2024/12/15,18,52946
shinjuku,2024/12/15,19,45772
shinjuku,2024/12/15,20,35195
shinjuku,2024/12/15,21,25550
shinjuku,2024/12/15,22,NA
shinjuku,2024/12/15,23,9214
shinjuku,2024/12/15,24,3643
shinjuku,2024/12/16,1,1500
shinjuku,2024/12/16,2,1500
shinjuku,2024/12/16,3,1929
shinjuku,2024/12/16,4,1929
shinjuku,2024/12/16,5,2786
shinjuku,2024/12/16,6,5393
shinjuku,2024/12/16,7,13411
shinjuku,2024/12/16,8,27643
shinjuku,2024/12/16,9,37500
shinjuku,2024/12/16,10,41357
shinjuku,2024/12/16,11,44357
shinjuku,2024/12/16,12,49071
shinjuku,2024/12/16,13,50357
shinjuku,2024/12/16,14,49929
shinjuku,2024/12/16,15,49929
shinjuku,2024/12/16,16,50786
shinjuku,2024/12/16,17,53357
shinjuku,2024/12/16,18,54214
shinjuku,2024/12/16,19,48214
shinjuku,2024/12/16,20,37500
shinjuku,2024/12/16,21,28071
shinjuku,2024/12/16,22,19071
shibuya,2024/11/14,4,2400
shibuya,2024/11/14,5,2400
shibuya,2024/11/14,6,3314
shibuya,2024/11/14,7,5829
shibuya,2024/11/14,8,11314
shibuya,2024/11/14,9,17486
shibuya,2024/11/14,10,23429
shibuya,2024/11/14,11,27771
shibuya,2024/11/14,12,30743
shibuya,2024/11/14,13,32114
shibuya,2024/11/14,14,33029
shibuya,2024/11/14,15,33943
shibuya,2024/11/14,16,35086
shibuya,2024/11/14,17,36000
shibuya,2024/11/14,18,35543
shibuya,2024/11/14,19,32343
shibuya,2024/11/14,20,26629
shibuya,2024/11/14,21,20686
shibuya,2024/11/14,22,14743
shibuya,2024/11/14,23,9943
shibuya,2024/11/14,24,4686
shibuya,2024/11/15,1,3314
shibuya,2024/11/15,2,3314
shibuya,2024/11/15,3,3086
shibuya,2024/11/15,4,3086
shibuya,2024/11/15,5,3086
shibuya,2024/11/15,6,2857
shibuya,2024/11/15,7,4000
shibuya,2024/11/15,8,5829
shibuya,2024/11/15,9,9029
shibuya,2024/11/15,10,14514
shibuya,2024/11/15,11,20000
shibuya,2024/11/15,12,25029
shibuya,2024/11/15,13,28457
shibuya,2024/11/15,14,30743
shibuya,2024/11/15,15,32343
shibuya,2024/11/15,16,34400
shibuya,2024/11/15,17,32571
shibuya,2024/11/15,18,28686
shibuya,2024/11/15,19,25257
shibuya,2024/11/15,20,21371
shibuya,2024/11/15,21,17257
shibuya,2024/11/15,22,NA
shibuya,2024/11/15,23,8114
shibuya,2024/11/15,24,4229
shibuya,2024/11/16,1,3086
shibuya,2024/11/16,2,3086
shibuya,2024/11/16,3,2857
shibuya,2024/11/16,4,2857
shibuya,2024/11/16,5,2857
shibuya,2024/11/16,6,2629
shibuya,2024/11/16,7,3314
shibuya,2024/11/16,8,4686
shibuya,2024/11/16,9,7886
shibuya,2024/11/16,10,12686
shibuya,2024/11/16,11,18857
shibuya,2024/11/16,12,24343
shibuya,2024/11/16,13,26857
shibuya,2024/11/16,14,29371
shibuya,2024/11/16,15,30514
shibuya,2024/11/16,16,30971
shibuya,2024/11/16,17,29371
shibuya,2024/11/16,18,24571
shibuya,2024/11/16,19,20914
shibuya,2024/11/16,20,17029
shibuya,2024/11/16,21,13143
shibuya,2024/11/16,22,8571
shibuya,2024/11/16,23,NA
shibuya,2024/11/17,0,NA
shibuya,2024/11/17,1,2171
shibuya,2024/11/17,2,2171
shibuya,2024/11/17,3,2171
shibuya,2024/11/17,4,2171
shibuya,2024/11/17,5,2400
shibuya,2024/11/17,6,3086
shibuya,2024/11/17,7,5829
shibuya,2024/11/17,8,11314
shibuya,2024/11/17,9,17029
shibuya,2024/11/17,10,22514
shibuya,2024/11/17,11,25714
shibuya,2024/11/17,12,29143
shibuya,2024/11/17,13,30286
shibuya,2024/11/17,14,30971
shibuya,2024/11/17,15,31200
shibuya,2024/11/17,16,31886
shibuya,2024/11/17,17,31657
shibuya,2024/11/17,18,30971
shibuya,2024/11/17,19,27086
shibuya,2024/11/17,20,21143
shibuya,2024/11/17,21,15200
shibuya,2024/11/17,22,9943
shibuya,2024/11/17,23,5600
shibuya,2024/11/17,24,2857
shibuya,2024/11/18,1,2171
shibuya,2024/11/18,2,2171
shibuya,2024/11/18,3,2400
shibuya,2024/11/18,4,2400
shibuya,2024/11/18,5,2400
shibuya,2024/11/18,6,3086
shibuya,2024/11/18,7,5600
shibuya,2024/11/18,8,12000
shibuya,2024/11/18,9,17943
shibuya,2024/11/18,10,23200
shibuya,2024/11/18,11,26857
shibuya,2024/11/18,12,29829
shibuya,2024/11/18,13,31886
shibuya,2024/11/18,14,32800
shibuya,2024/11/18,15,33257
shibuya,2024/11/18,16,33714
shibuya,2024/11/18,17,33714
shibuya,2024/11/18,18,32343
shibuya,2024/11/18,19,28085
shibuya,2024/11/18,20,21352
shibuya,2024/11/18,21,15976
shibuya,2024/11/18,22,10857
shibuya,2024/11/18,23,6514
shibuya,2024/11/18,24,3086
shibuya,2024/11/19,1,2171
shibuya,2024/11/19,2,2400
shibuya,2024/11/19,3,2400
shibuya,2024/11/19,4,2400
shibuya,2024/11/19,5,2400
shibuya,2024/11/19,6,3086
shibuya,2024/11/19,7,5829
shibuya,2024/11/19,8,11314
shibuya,2024/11/19,9,17486
shibuya,2024/11/19,10,23200
shibuya,2024/11/19,11,27543
shibuya,2024/11/19,12,30971
shibuya,2024/11/19,13,33257
shibuya,2024/11/19,14,33714
shibuya,2024/11/19,15,33943
shibuya,2024/11/19,16,35314
shibuya,2024/11/19,17,35086
shibuya,2024/11/19,18,33257
shibuya,2024/11/19,19,29143
shibuya,2024/11/19,20,23200
shibuya,2024/11/19,21,17714
shibuya,2024/11/19,22,12229
shibuya,2024/11/19,23,7200
shibuya,2024/11/19,24,3086
shibuya,2024/11/20,1,2171
shibuya,2024/11/20,2,2400
shibuya,2024/11/20,3,2400
shibuya,2024/11/20,4,2400
shibuya,2024/11/20,5,2629
shibuya,2024/11/20,6,3314
shibuya,2024/11/20,7,5829
shibuya,2024/11/20,8,11314
shibuya,2024/11/20,9,18400
shibuya,2024/11/20,10,24114
shibuya,2024/11/20,11,27543
shibuya,2024/11/20,12,30743
shibuya,2024/11/20,13,32343
shibuya,2024/11/20,14,32800
shibuya,2024/11/20,15,33257
shibuya,2024/11/20,16,34629
shibuya,2024/11/20,17,34171
shibuya,2024/11/20,18,33943
shibuya,2024/11/20,19,30057
shibuya,2024/11/20,20,23657
shibuya,2024/11/20,21,17943
shibuya,2024/11/20,22,NA
shibuya,2024/11/20,23,6743
shibuya,2024/11/20,24,3086
shibuya,2024/11/21,1,2171
shibuya,2024/11/21,2,2400
shibuya,2024/11/21,3,2400
shibuya,2024/11/21,4,2400
shibuya,2024/11/21,5,2400
shibuya,2024/11/21,6,3086
shibuya,2024/11/21,7,5829
shibuya,2024/11/21,8,11086
shibuya,2024/11/21,9,17257
shibuya,2024/11/21,10,22971
shibuya,2024/11/21,11,27314
shibuya,2024/11/21,12,30743
shibuya,2024/11/21,13,32571
shibuya,2024/11/21,14,33029
shibuya,2024/11/21,15,34171
shibuya,2024/11/21,16,35543
shibuya,2024/11/21,17,35771
shibuya,2024/11/21,18,35543
shibuya,2024/11/21,19,33257
shibuya,2024/11/21,20,26629
shibuya,2024/11/21,21,21829
shibuya,2024/11/21,22,15200
shibuya,2024/11/21,23,9943
shibuya,2024/11/21,24,4229
shibuya,2024/11/22,1,3086
shibuya,2024/11/22,2,3086
shibuya,2024/11/22,3,3086
shibuya,2024/11/22,4,3086
shibuya,2024/11/22,5,3314
shibuya,2024/11/22,6,3314
shibuya,2024/11/22,7,4000
shibuya,2024/11/22,8,5829
shibuya,2024/11/22,9,8800
shibuya,2024/11/22,10,13829
shibuya,2024/11/22,11,19314
shibuya,2024/11/22,12,24343
shibuya,2024/11/22,13,28000
shibuya,2024/11/22,14,30743
shibuya,2024/11/22,15,32114
shibuya,2024/11/22,16,33714
shibuya,2024/11/22,17,32571
shibuya,2024/11/22,18,29371
shibuya,2024/11/22,19,25714
shibuya,2024/11/22,20,21371
shibuya,2024/11/22,21,17029
shibuya,2024/11/22,22,12000
shibuya,2024/11/22,23,7657
shibuya,2024/11/22,24,3771
shibuya,2024/11/23,1,2629
shibuya,2024/11/23,2,3086
shibuya,2024/11/23,3,3086
shibuya,2024/11/23,4,2857
shibuya,2024/11/23,5,2857
shibuya,2024/11/23,6,2857
shibuya,2024/11/23,7,3086
shibuya,2024/11/23,8,4457
shibuya,2024/11/23,9,7657
shibuya,2024/11/23,10,12229
shibuya,2024/11/23,11,18400
shibuya,2024/11/23,12,23657
shibuya,2024/11/23,13,26629
shibuya,2024/11/23,14,29371
shibuya,2024/11/23,15,30743
shibuya,2024/11/23,16,32571
shibuya,2024/11/23,17,31657
shibuya,2024/11/23,18,28000
shibuya,2024/11/23,19,24114
shibuya,2024/11/23,20,20229
shibuya,2024/11/23,21,15657
shibuya,2024/11/23,22,NA
shibuya,2024/11/23,23,7200
shibuya,2024/11/23,24,3314
shibuya,2024/11/24,1,2400
shibuya,2024/11/24,2,2629
shibuya,2024/11/24,3,2629
shibuya,2024/11/24,4,2629
shibuya,2024/11/24,5,2629
shibuya,2024/11/24,6,2629
shibuya,2024/11/24,7,3314
shibuya,2024/11/24,8,4914
shibuya,2024/11/24,9,7429
shibuya,2024/11/24,10,11543
shibuya,2024/11/24,11,17257
shibuya,2024/11/24,12,21600
shibuya,2024/11/24,13,23886
shibuya,2024/11/24,14,25943
shibuya,2024/11/24,15,26857
shibuya,2024/11/24,16,27314
shibuya,2024/11/24,17,25714
shibuya,2024/11/24,18,22971
shibuya,2024/11/24,19,20000
shibuya,2024/11/24,20,17257
shibuya,2024/11/24,21,13371
shibuya,2024/11/24,22,9257
shibuya,2024/11/24,23,5600
shibuya,2024/11/24,24,2629
shibuya,2024/11/25,1,2171
shibuya,2024/11/25,2,2171
shibuya,2024/11/25,3,2400
shibuya,2024/11/25,4,2400
shibuya,2024/11/25,5,2629
shibuya,2024/11/25,6,3086
shibuya,2024/11/25,7,6057
shibuya,2024/11/25,8,11543
shibuya,2024/11/25,9,17714
shibuya,2024/11/25,10,22743
shibuya,2024/11/25,11,25943
shibuya,2024/11/25,12,28457
shibuya,2024/11/25,13,30286
shibuya,2024/11/25,14,30971
shibuya,2024/11/25,15,31429
shibuya,2024/11/25,16,31657
shibuya,2024/11/25,17,31657
shibuya,2024/11/25,18,30971
shibuya,2024/11/25,19,27543
shibuya,2024/11/25,20,21600
shibuya,2024/11/25,21,15886
shibuya,2024/11/25,22,10629
shibuya,2024/11/25,23,6286
shibuya,2024/11/25,24,3086
shibuya,2024/11/26,1,2400
shibuya,2024/11/26,2,2400
shibuya,2024/11/26,3,2400
shibuya,2024/11/26,4,2400
shibuya,2024/11/26,5,2400
shibuya,2024/11/26,6,3086
shibuya,2024/11/26,7,6057
shibuya,2024/11/26,8,11771
shibuya,2024/11/26,9,17486
shibuya,2024/11/26,10,23200
shibuya,2024/11/26,11,26629
shibuya,2024/11/26,12,30057
shibuya,2024/11/26,13,31657
shibuya,2024/11/26,14,33029
shibuya,2024/11/26,15,33486
shibuya,2024/11/26,16,34171
shibuya,2024/11/26,17,33943
shibuya,2024/11/26,18,33486
shibuya,2024/11/26,19,29600
shibuya,2024/11/26,20,23886
shibuya,2024/11/26,21,18171
shibuya,2024/11/26,22,12000
shibuya,2024/11/26,23,6743
shibuya,2024/11/26,24,3086
shibuya,2024/11/27,1,2171
shibuya,2024/11/27,2,2400
shibuya,2024/11/27,3,2171
shibuya,2024/11/27,4,2400
shibuya,2024/11/27,5,2629
shibuya,2024/11/27,6,3086
shibuya,2024/11/27,7,5829
shibuya,2024/11/27,8,11543
shibuya,2024/11/27,9,18171
shibuya,2024/11/27,10,24343
shibuya,2024/11/27,11,28000
shibuya,2024/11/27,12,31429
shibuya,2024/11/27,13,32800
shibuya,2024/11/27,14,33714
shibuya,2024/11/27,15,33943
shibuya,2024/11/27,16,35086
shibuya,2024/11/27,17,34629
shibuya,2024/11/27,18,33714
shibuya,2024/11/27,19,29829
shibuya,2024/11/27,20,23657
shibuya,2024/11/27,21,17943
shibuya,2024/11/27,22,NA
shibuya,2024/11/27,23,6971
shibuya,2024/11/27,24,3314
shibuya,2024/11/28,1,2400
shibuya,2024/11/28,2,2629
shibuya,2024/11/28,3,2629
shibuya,2024/11/28,4,2629
shibuya,2024/11/28,5,2400
shibuya,2024/11/28,6,3314
shibuya,2024/11/28,7,5829
shibuya,2024/11/28,8,11771
shibuya,2024/11/28,9,18400
shibuya,2024/11/28,10,24571
shibuya,2024/11/28,11,28457
shibuya,2024/11/28,12,32114
shibuya,2024/11/28,13,33943
shibuya,2024/11/28,14,34629
shibuya,2024/11/28,15,35086
shibuya,2024/11/28,16,35771
shibuya,2024/11/28,17,36686
shibuya,2024/11/28,18,36686
shibuya,2024/11/28,19,34400
shibuya,2024/11/28,20,28229
shibuya,2024/11/28,21,22743
shibuya,2024/11/28,22,16571
shibuya,2024/11/28,23,10629
shibuya,2024/11/28,24,4914
shibuya,2024/11/29,1,3314
shibuya,2024/11/29,2,3543
shibuya,2024/11/29,3,3543
shibuya,2024/11/29,4,3314
shibuya,2024/11/29,5,3314
shibuya,2024/11/29,6,3086
shibuya,2024/11/29,7,3771
shibuya,2024/11/29,8,5600
shibuya,2024/11/29,9,8800
shibuya,2024/11/29,10,14057
shibuya,2024/11/29,11,20000
shibuya,2024/11/29,12,24800
shibuya,2024/11/29,13,28457
shibuya,2024/11/29,14,30971
shibuya,2024/11/29,15,33029
shibuya,2024/11/29,16,33714
shibuya,2024/11/29,17,32343
shibuya,2024/11/29,18,29600
shibuya,2024/11/29,19,25943
shibuya,2024/11/29,20,22743
shibuya,2024/11/29,21,18857
shibuya,2024/11/29,22,13143
shibuya,2024/11/29,23,8800
shibuya,2024/11/29,24,4457
shibuya,2024/11/30,1,3086
shibuya,2024/11/30,2,3314
shibuya,2024/11/30,3,3086
shibuya,2024/11/30,4,3314
shibuya,2024/11/30,5,3086
shibuya,2024/11/30,6,2629
shibuya,2024/11/30,7,3086
shibuya,2024/11/30,8,4686
shibuya,2024/11/30,9,7657
shibuya,2024/11/30,10,12229
shibuya,2024/11/30,11,17943
shibuya,2024/11/30,12,22743
shibuya,2024/11/30,13,25029
shibuya,2024/11/30,14,27086
shibuya,2024/11/30,15,29143
shibuya,2024/11/30,16,29600
shibuya,2024/11/30,17,27543
shibuya,2024/11/30,18,24571
shibuya,2024/11/30,19,20686
shibuya,2024/11/30,20,17257
shibuya,2024/11/30,21,NA
shibuya,2024/11/30,22,8571
shibuya,2024/11/30,23,5371
shibuya,2024/11/30,24,2629
shibuya,2024/12/1,1,2171
shibuya,2024/12/1,2,2171
shibuya,2024/12/1,3,2400
shibuya,2024/12/1,4,2400
shibuya,2024/12/1,5,2400
shibuya,2024/12/1,6,3314
shibuya,2024/12/1,7,6057
shibuya,2024/12/1,8,11086
shibuya,2024/12/1,9,17943
shibuya,2024/12/1,10,22743
shibuya,2024/12/1,11,25943
shibuya,2024/12/1,12,28229
shibuya,2024/12/1,13,29829
shibuya,2024/12/1,14,30286
shibuya,2024/12/1,15,30971
shibuya,2024/12/1,16,31429
shibuya,2024/12/1,17,31200
shibuya,2024/12/1,18,30743
shibuya,2024/12/1,19,26857
shibuya,2024/12/1,20,21143
shibuya,2024/12/1,21,15200
shibuya,2024/12/1,22,NA
shibuya,2024/12/1,23,NA
shibuya,2024/12/2,0,NA
shibuya,2024/12/2,1,NA
shibuya,2024/12/2,2,NA
shibuya,2024/12/2,3,NA
shibuya,2024/12/2,4,NA
shibuya,2024/12/2,5,NA
shibuya,2024/12/2,6,NA
shibuya,2024/12/2,7,NA
shibuya,2024/12/2,8,NA
shibuya,2024/12/2,9,NA
shibuya,2024/12/2,10,NA
shibuya,2024/12/2,11,NA
shibuya,2024/12/2,12,NA
shibuya,2024/12/2,13,NA
shibuya,2024/12/2,14,NA
shibuya,2024/12/2,15,NA
shibuya,2024/12/2,16,NA
shibuya,2024/12/2,17,NA
shibuya,2024/12/2,18,NA
shibuya,2024/12/2,19,NA
shibuya,2024/12/2,20,NA
shibuya,2024/12/2,21,NA
shibuya,2024/12/2,22,10857
shibuya,2024/12/2,23,6286
shibuya,2024/12/2,24,2857
shibuya,2024/12/3,1,2171
shibuya,2024/12/3,2,2400
shibuya,2024/12/3,3,2400
shibuya,2024/12/3,4,2400
shibuya,2024/12/3,5,2629
shibuya,2024/12/3,6,3086
shibuya,2024/12/3,7,5829
shibuya,2024/12/3,8,11314
shibuya,2024/12/3,9,17943
shibuya,2024/12/3,10,24343
shibuya,2024/12/3,11,27771
shibuya,2024/12/3,12,30743
shibuya,2024/12/3,13,33029
shibuya,2024/12/3,14,33486
shibuya,2024/12/3,15,33943
shibuya,2024/12/3,16,33943
shibuya,2024/12/3,17,33486
shibuya,2024/12/3,18,32114
shibuya,2024/12/3,19,28000
shibuya,2024/12/3,20,22286
shibuya,2024/12/3,21,16343
shibuya,2024/12/3,22,10629
shibuya,2024/12/3,23,6286
shibuya,2024/12/3,24,3086
shibuya,2024/12/4,1,1943
shibuya,2024/12/4,2,NA
shibuya,2024/12/4,3,NA
shibuya,2024/12/4,4,NA
shibuya,2024/12/4,5,NA
shibuya,2024/12/4,6,NA
shibuya,2024/12/4,7,NA
shibuya,2024/12/4,8,NA
shibuya,2024/12/4,9,NA
shibuya,2024/12/4,10,NA
shibuya,2024/12/4,11,NA
shibuya,2024/12/4,12,NA
shibuya,2024/12/4,13,NA
shibuya,2024/12/4,14,NA
shibuya,2024/12/4,15,NA
shibuya,2024/12/4,16,NA
shibuya,2024/12/4,17,NA
shibuya,2024/12/4,18,NA
shibuya,2024/12/4,19,NA
shibuya,2024/12/4,20,NA
shibuya,2024/12/4,21,NA
shibuya,2024/12/4,22,NA
shibuya,2024/12/4,23,NA
shibuya,2024/12/5,0,NA
shibuya,2024/12/5,1,NA
shibuya,2024/12/5,2,NA
shibuya,2024/12/5,3,NA
shibuya,2024/12/5,4,NA
shibuya,2024/12/5,5,NA
shibuya,2024/12/5,6,NA
shibuya,2024/12/5,7,NA
shibuya,2024/12/5,8,NA
shibuya,2024/12/5,9,NA
shibuya,2024/12/5,10,NA
shibuya,2024/12/5,11,NA
shibuya,2024/12/5,12,NA
shibuya,2024/12/5,13,NA
shibuya,2024/12/5,14,NA
shibuya,2024/12/5,15,NA
shibuya,2024/12/5,16,NA
shibuya,2024/12/5,17,NA
shibuya,2024/12/5,18,NA
shibuya,2024/12/5,19,NA
shibuya,2024/12/5,20,NA
shibuya,2024/12/5,21,NA
shibuya,2024/12/5,22,NA
shibuya,2024/12/5,23,NA
shibuya,2024/12/6,0,NA
shibuya,2024/12/6,1,NA
shibuya,2024/12/6,2,NA
shibuya,2024/12/6,3,NA
shibuya,2024/12/6,4,NA
shibuya,2024/12/6,5,NA
shibuya,2024/12/6,6,NA
shibuya,2024/12/6,7,NA
shibuya,2024/12/6,8,NA
shibuya,2024/12/6,9,NA
shibuya,2024/12/6,10,NA
shibuya,2024/12/6,11,NA
shibuya,2024/12/6,12,NA
shibuya,2024/12/6,13,NA
shibuya,2024/12/6,14,NA
shibuya,2024/12/6,15,NA
shibuya,2024/12/6,16,NA
shibuya,2024/12/6,17,NA
shibuya,2024/12/6,18,NA
shibuya,2024/12/6,19,NA
shibuya,2024/12/6,20,NA
shibuya,2024/12/6,21,NA
shibuya,2024/12/6,22,NA
shibuya,2024/12/6,23,NA
shibuya,2024/12/7,0,NA
shibuya,2024/12/7,1,NA
shibuya,2024/12/7,2,NA
shibuya,2024/12/7,3,NA
shibuya,2024/12/7,4,NA
shibuya,2024/12/7,5,NA
shibuya,2024/12/7,6,NA
shibuya,2024/12/7,7,NA
shibuya,2024/12/7,8,NA
shibuya,2024/12/7,9,NA
shibuya,2024/12/7,10,NA
shibuya,2024/12/7,11,NA
shibuya,2024/12/7,12,NA
shibuya,2024/12/7,13,NA
shibuya,2024/12/7,14,NA
shibuya,2024/12/7,15,NA
shibuya,2024/12/7,16,NA
shibuya,2024/12/7,17,NA
shibuya,2024/12/7,18,NA
shibuya,2024/12/7,19,NA
shibuya,2024/12/7,20,NA
shibuya,2024/12/7,21,NA
shibuya,2024/12/7,22,8800
shibuya,2024/12/7,23,5371
shibuya,2024/12/7,24,2857
shibuya,2024/12/8,1,2171
shibuya,2024/12/8,2,2171
shibuya,2024/12/8,3,2400
shibuya,2024/12/8,4,2400
shibuya,2024/12/8,5,2400
shibuya,2024/12/8,6,3086
shibuya,2024/12/8,7,5829
shibuya,2024/12/8,8,11086
shibuya,2024/12/8,9,17029
shibuya,2024/12/8,10,22514
shibuya,2024/12/8,11,25257
shibuya,2024/12/8,12,28457
shibuya,2024/12/8,13,30286
shibuya,2024/12/8,14,30514
shibuya,2024/12/8,15,31429
shibuya,2024/12/8,16,31657
shibuya,2024/12/8,17,31657
shibuya,2024/12/8,18,31200
shibuya,2024/12/8,19,27314
shibuya,2024/12/8,20,21600
shibuya,2024/12/8,21,15886
shibuya,2024/12/8,22,NA
shibuya,2024/12/8,23,6057
shibuya,2024/12/8,24,3086
shibuya,2024/12/9,1,2171
shibuya,2024/12/9,2,2629
shibuya,2024/12/9,3,2400
shibuya,2024/12/9,4,2171
shibuya,2024/12/9,5,2400
shibuya,2024/12/9,6,3314
shibuya,2024/12/9,7,5829
shibuya,2024/12/9,8,11314
shibuya,2024/12/9,9,17943
shibuya,2024/12/9,10,23657
shibuya,2024/12/9,11,26629
shibuya,2024/12/9,12,30057
shibuya,2024/12/9,13,31657
shibuya,2024/12/9,14,32114
shibuya,2024/12/9,15,32571
shibuya,2024/12/9,16,32800
shibuya,2024/12/9,17,33029
shibuya,2024/12/9,18,32571
shibuya,2024/12/9,19,29143
shibuya,2024/12/9,20,22743
shibuya,2024/12/9,21,17029
shibuya,2024/12/9,22,11771
shibuya,2024/12/9,23,6743
shibuya,2024/12/9,24,3086
shibuya,2024/12/10,1,2171
shibuya,2024/12/10,2,2400
shibuya,2024/12/10,3,2400
shibuya,2024/12/10,4,2400
shibuya,2024/12/10,5,2629
shibuya,2024/12/10,6,3314
shibuya,2024/12/10,7,5829
shibuya,2024/12/10,8,10857
shibuya,2024/12/10,9,17714
shibuya,2024/12/10,10,23886
shibuya,2024/12/10,11,27771
shibuya,2024/12/10,12,31200
shibuya,2024/12/10,13,33257
shibuya,2024/12/10,14,34171
shibuya,2024/12/10,15,34857
shibuya,2024/12/10,16,35086
shibuya,2024/12/10,17,34857
shibuya,2024/12/10,18,33486
shibuya,2024/12/10,19,30057
shibuya,2024/12/10,20,24571
shibuya,2024/12/10,21,18400
shibuya,2024/12/10,22,12457
shibuya,2024/12/10,23,7429
shibuya,2024/12/10,24,3314
shibuya,2024/12/11,1,2400
shibuya,2024/12/11,2,2171
shibuya,2024/12/11,3,2400
shibuya,2024/12/11,4,2400
shibuya,2024/12/11,5,2629
shibuya,2024/12/11,6,3086
shibuya,2024/12/11,7,5600
shibuya,2024/12/11,8,10857
shibuya,2024/12/11,9,17943
shibuya,2024/12/11,10,24114
shibuya,2024/12/11,11,28229
shibuya,2024/12/11,12,31429
shibuya,2024/12/11,13,33029
shibuya,2024/12/11,14,33714
shibuya,2024/12/11,15,34857
shibuya,2024/12/11,16,35314
shibuya,2024/12/11,17,35086
shibuya,2024/12/11,18,34171
shibuya,2024/12/11,19,30971
shibuya,2024/12/11,20,24800
shibuya,2024/12/11,21,18629
shibuya,2024/12/11,22,12229
shibuya,2024/12/11,23,7429
shibuya,2024/12/11,24,3314
shibuya,2024/12/12,1,2171
shibuya,2024/12/12,2,2400
shibuya,2024/12/12,3,2400
shibuya,2024/12/12,4,2400
shibuya,2024/12/12,5,2400
shibuya,2024/12/12,6,2857
shibuya,2024/12/12,7,5371
shibuya,2024/12/12,8,10857
shibuya,2024/12/12,9,17486
shibuya,2024/12/12,10,23200
shibuya,2024/12/12,11,27543
shibuya,2024/12/12,12,30971
shibuya,2024/12/12,13,33257
shibuya,2024/12/12,14,34171
shibuya,2024/12/12,15,34629
shibuya,2024/12/12,16,35314
shibuya,2024/12/12,17,36229
shibuya,2024/12/12,18,36914
shibuya,2024/12/12,19,33943
shibuya,2024/12/12,20,29143
shibuya,2024/12/12,21,23200
shibuya,2024/12/12,22,NA
shibuya,2024/12/12,23,NA
shibuya,2024/12/13,0,NA
shibuya,2024/12/13,1,NA
shibuya,2024/12/13,2,NA
shibuya,2024/12/13,3,NA
shibuya,2024/12/13,4,NA
shibuya,2024/12/13,5,NA
shibuya,2024/12/13,6,NA
shibuya,2024/12/13,7,NA
shibuya,2024/12/13,8,NA
shibuya,2024/12/13,9,NA
shibuya,2024/12/13,10,NA
shibuya,2024/12/13,11,NA
shibuya,2024/12/13,12,NA
shibuya,2024/12/13,13,NA
shibuya,2024/12/13,14,NA
shibuya,2024/12/13,15,NA
shibuya,2024/12/13,16,NA
shibuya,2024/12/13,17,NA
shibuya,2024/12/13,18,NA
shibuya,2024/12/13,19,NA
shibuya,2024/12/13,20,NA
shibuya,2024/12/13,21,NA
shibuya,2024/12/13,22,14514
shibuya,2024/12/13,23,9257
shibuya,2024/12/13,24,4457
shibuya,2024/12/14,1,3086
shibuya,2024/12/14,2,3086
shibuya,2024/12/14,3,3086
shibuya,2024/12/14,4,3086
shibuya,2024/12/14,5,3314
shibuya,2024/12/14,6,2857
shibuya,2024/12/14,7,3314
shibuya,2024/12/14,8,4686
shibuya,2024/12/14,9,8343
shibuya,2024/12/14,10,13829
shibuya,2024/12/14,11,20457
shibuya,2024/12/14,12,25486
shibuya,2024/12/14,13,29600
shibuya,2024/12/14,14,32114
shibuya,2024/12/14,15,33943
shibuya,2024/12/14,16,34400
shibuya,2024/12/14,17,31657
shibuya,2024/12/14,18,28000
shibuya,2024/12/14,19,23200
shibuya,2024/12/14,20,19314
shibuya,2024/12/14,21,15200
shibuya,2024/12/14,22,9943
shibuya,2024/12/14,23,6057
shibuya,2024/12/14,24,2857
shibuya,2024/12/15,1,2171
shibuya,2024/12/15,2,2171
shibuya,2024/12/15,3,2400
shibuya,2024/12/15,4,2400
shibuya,2024/12/15,5,2629
shibuya,2024/12/15,6,3086
shibuya,2024/12/15,7,5600
shibuya,2024/12/15,8,10857
shibuya,2024/12/15,9,16800
shibuya,2024/12/15,10,22057
shibuya,2024/12/15,11,26171
shibuya,2024/12/15,12,29600
shibuya,2024/12/15,13,31657
shibuya,2024/12/15,14,32343
shibuya,2024/12/15,15,33029
shibuya,2024/12/15,16,33257
shibuya,2024/12/15,17,33029
shibuya,2024/12/15,18,33029
shibuya,2024/12/15,19,30057
shibuya,2024/12/15,20,24571
shibuya,2024/12/15,21,17943
shibuya,2024/12/15,22,NA
shibuya,2024/12/15,23,6743
shibuya,2024/12/15,24,3086
shibuya,2024/12/16,1,2171
shibuya,2024/12/16,2,2400
shibuya,2024/12/16,3,2400
shibuya,2024/12/16,4,2400
shibuya,2024/12/16,5,2400
shibuya,2024/12/16,6,3314
shibuya,2024/12/16,7,5829
shibuya,2024/12/16,8,10857
shibuya,2024/12/16,9,17486
shibuya,2024/12/16,10,23200
shibuya,2024/12/16,11,26857
shibuya,2024/12/16,12,30286
shibuya,2024/12/16,13,32800
shibuya,2024/12/16,14,33943
shibuya,2024/12/16,15,34629
shibuya,2024/12/16,16,34629
shibuya,2024/12/16,17,34171
shibuya,2024/12/16,18,34171
shibuya,2024/12/16,19,30743
shibuya,2024/12/16,20,24571
shibuya,2024/12/16,21,18629
shibuya,2024/12/16,22,12914
nihonbashi,2024/11/14,4,1500
nihonbashi,2024/11/14,5,1929
nihonbashi,2024/11/14,6,3643
nihonbashi,2024/11/14,7,9214
nihonbashi,2024/11/14,8,22929
nihonbashi,2024/11/14,9,39643
nihonbashi,2024/11/14,10,47357
nihonbashi,2024/11/14,11,50357
nihonbashi,2024/11/14,12,51214
nihonbashi,2024/11/14,13,52929
nihonbashi,2024/11/14,14,52929
nihonbashi,2024/11/14,15,52500
nihonbashi,2024/11/14,16,49929
nihonbashi,2024/11/14,17,47357
nihonbashi,2024/11/14,18,41786
nihonbashi,2024/11/14,19,33214
nihonbashi,2024/11/14,20,25071
nihonbashi,2024/11/14,21,17786
nihonbashi,2024/11/14,22,12086
nihonbashi,2024/11/14,23,6600
nihonbashi,2024/11/14,24,2786
nihonbashi,2024/11/15,1,1971
nihonbashi,2024/11/15,2,1800
nihonbashi,2024/11/15,3,1971
nihonbashi,2024/11/15,4,1800
nihonbashi,2024/11/15,5,1971
nihonbashi,2024/11/15,6,3000
nihonbashi,2024/11/15,7,5229
nihonbashi,2024/11/15,8,7457
nihonbashi,2024/11/15,9,10886
nihonbashi,2024/11/15,10,14829
nihonbashi,2024/11/15,11,19286
nihonbashi,2024/11/15,12,21857
nihonbashi,2024/11/15,13,23571
nihonbashi,2024/11/15,14,24086
nihonbashi,2024/11/15,15,23743
nihonbashi,2024/11/15,16,22714
nihonbashi,2024/11/15,17,21171
nihonbashi,2024/11/15,18,19114
nihonbashi,2024/11/15,19,17057
nihonbashi,2024/11/15,20,13114
nihonbashi,2024/11/15,21,9514
nihonbashi,2024/11/15,22,NA
nihonbashi,2024/11/15,23,4029
nihonbashi,2024/11/15,24,1971
nihonbashi,2024/11/16,1,1286
nihonbashi,2024/11/16,2,1629
nihonbashi,2024/11/16,3,1629
nihonbashi,2024/11/16,4,1629
nihonbashi,2024/11/16,5,1629
nihonbashi,2024/11/16,6,2486
nihonbashi,2024/11/16,7,3686
nihonbashi,2024/11/16,8,5057
nihonbashi,2024/11/16,9,7629
nihonbashi,2024/11/16,10,11057
nihonbashi,2024/11/16,11,15514
nihonbashi,2024/11/16,12,18257
nihonbashi,2024/11/16,13,19457
nihonbashi,2024/11/16,14,19800
nihonbashi,2024/11/16,15,19457
nihonbashi,2024/11/16,16,19457
nihonbashi,2024/11/16,17,17914
nihonbashi,2024/11/16,18,15343
nihonbashi,2024/11/16,19,12943
nihonbashi,2024/11/16,20,9857
nihonbashi,2024/11/16,21,6771
nihonbashi,2024/11/16,22,4371
nihonbashi,2024/11/16,23,NA
nihonbashi,2024/11/17,0,NA
nihonbashi,2024/11/17,1,1071
nihonbashi,2024/11/17,2,1500
nihonbashi,2024/11/17,3,1500
nihonbashi,2024/11/17,4,1500
nihonbashi,2024/11/17,5,1929
nihonbashi,2024/11/17,6,4071
nihonbashi,2024/11/17,7,10071
nihonbashi,2024/11/17,8,24643
nihonbashi,2024/11/17,9,41357
nihonbashi,2024/11/17,10,48643
nihonbashi,2024/11/17,11,51214
nihonbashi,2024/11/17,12,52071
nihonbashi,2024/11/17,13,52500
nihonbashi,2024/11/17,14,52071
nihonbashi,2024/11/17,15,51214
nihonbashi,2024/11/17,16,49500
nihonbashi,2024/11/17,17,46071
nihonbashi,2024/11/17,18,37500
nihonbashi,2024/11/17,19,26925
nihonbashi,2024/11/17,20,17636
nihonbashi,2024/11/17,21,10993
nihonbashi,2024/11/17,22,6214
nihonbashi,2024/11/17,23,3214
nihonbashi,2024/11/17,24,1929
nihonbashi,2024/11/18,1,1500
nihonbashi,2024/11/18,2,1929
nihonbashi,2024/11/18,3,1929
nihonbashi,2024/11/18,4,1929
nihonbashi,2024/11/18,5,1929
nihonbashi,2024/11/18,6,3643
nihonbashi,2024/11/18,7,10071
nihonbashi,2024/11/18,8,24643
nihonbashi,2024/11/18,9,41786
nihonbashi,2024/11/18,10,48214
nihonbashi,2024/11/18,11,51643
nihonbashi,2024/11/18,12,52929
nihonbashi,2024/11/18,13,52929
nihonbashi,2024/11/18,14,52929
nihonbashi,2024/11/18,15,52500
nihonbashi,2024/11/18,16,50786
nihonbashi,2024/11/18,17,46929
nihonbashi,2024/11/18,18,38786
nihonbashi,2024/11/18,19,28500
nihonbashi,2024/11/18,20,19071
nihonbashi,2024/11/18,21,12643
nihonbashi,2024/11/18,22,7929
nihonbashi,2024/11/18,23,4071
nihonbashi,2024/11/18,24,1929
nihonbashi,2024/11/19,1,1929
nihonbashi,2024/11/19,2,1929
nihonbashi,2024/11/19,3,1500
nihonbashi,2024/11/19,4,1500
nihonbashi,2024/11/19,5,1929
nihonbashi,2024/11/19,6,3643
nihonbashi,2024/11/19,7,10071
nihonbashi,2024/11/19,8,24214
nihonbashi,2024/11/19,9,41357
nihonbashi,2024/11/19,10,48643
nihonbashi,2024/11/19,11,51214
nihonbashi,2024/11/19,12,52500
nihonbashi,2024/11/19,13,52929
nihonbashi,2024/11/19,14,52929
nihonbashi,2024/11/19,15,52929
nihonbashi,2024/11/19,16,51214
nihonbashi,2024/11/19,17,47357
nihonbashi,2024/11/19,18,38786
nihonbashi,2024/11/19,19,28868
nihonbashi,2024/11/19,20,20357
nihonbashi,2024/11/19,21,13929
nihonbashi,2024/11/19,22,8357
nihonbashi,2024/11/19,23,4500
nihonbashi,2024/11/19,24,1929
nihonbashi,2024/11/20,1,1500
nihonbashi,2024/11/20,2,1929
nihonbashi,2024/11/20,3,1929
nihonbashi,2024/11/20,4,1500
nihonbashi,2024/11/20,5,1929
nihonbashi,2024/11/20,6,3643
nihonbashi,2024/11/20,7,9643
nihonbashi,2024/11/20,8,24643
nihonbashi,2024/11/20,9,41786
nihonbashi,2024/11/20,10,49500
nihonbashi,2024/11/20,11,52500
nihonbashi,2024/11/20,12,53786
nihonbashi,2024/11/20,13,53786
nihonbashi,2024/11/20,14,53357
nihonbashi,2024/11/20,15,53357
nihonbashi,2024/11/20,16,52071
nihonbashi,2024/11/20,17,48214
nihonbashi,2024/11/20,18,40500
nihonbashi,2024/11/20,19,30643
nihonbashi,2024/11/20,20,21214
nihonbashi,2024/11/20,21,14357
nihonbashi,2024/11/20,22,NA
nihonbashi,2024/11/20,23,4071
nihonbashi,2024/11/20,24,1929
nihonbashi,2024/11/21,1,1500
nihonbashi,2024/11/21,2,1929
nihonbashi,2024/11/21,3,1500
nihonbashi,2024/11/21,4,1500
nihonbashi,2024/11/21,5,1929
nihonbashi,2024/11/21,6,4071
nihonbashi,2024/11/21,7,9643
nihonbashi,2024/11/21,8,23357
nihonbashi,2024/11/21,9,40071
nihonbashi,2024/11/21,10,46929
nihonbashi,2024/11/21,11,49929
nihonbashi,2024/11/21,12,51643
nihonbashi,2024/11/21,13,52500
nihonbashi,2024/11/21,14,52929
nihonbashi,2024/11/21,15,52500
nihonbashi,2024/11/21,16,50357
nihonbashi,2024/11/21,17,48214
nihonbashi,2024/11/21,18,42214
nihonbashi,2024/11/21,19,34071
nihonbashi,2024/11/21,20,25929
nihonbashi,2024/11/21,21,18214
nihonbashi,2024/11/21,22,12257
nihonbashi,2024/11/21,23,6600
nihonbashi,2024/11/21,24,2486
nihonbashi,2024/11/22,1,1971
nihonbashi,2024/11/22,2,2143
nihonbashi,2024/11/22,3,1971
nihonbashi,2024/11/22,4,1800
nihonbashi,2024/11/22,5,1800
nihonbashi,2024/11/22,6,3000
nihonbashi,2024/11/22,7,5400
nihonbashi,2024/11/22,8,7800
nihonbashi,2024/11/22,9,11057
nihonbashi,2024/11/22,10,15686
nihonbashi,2024/11/22,11,19629
nihonbashi,2024/11/22,12,22714
nihonbashi,2024/11/22,13,23571
nihonbashi,2024/11/22,14,24086
nihonbashi,2024/11/22,15,23914
nihonbashi,2024/11/22,16,22886
nihonbashi,2024/11/22,17,21514
nihonbashi,2024/11/22,18,19629
nihonbashi,2024/11/22,19,17057
nihonbashi,2024/11/22,20,12943
nihonbashi,2024/11/22,21,9171
nihonbashi,2024/11/22,22,6257
nihonbashi,2024/11/22,23,3686
nihonbashi,2024/11/22,24,1800
nihonbashi,2024/11/23,1,1457
nihonbashi,2024/11/23,2,1629
nihonbashi,2024/11/23,3,1800
nihonbashi,2024/11/23,4,1800
nihonbashi,2024/11/23,5,1629
nihonbashi,2024/11/23,6,2657
nihonbashi,2024/11/23,7,3686
nihonbashi,2024/11/23,8,5400
nihonbashi,2024/11/23,9,7971
nihonbashi,2024/11/23,10,11914
nihonbashi,2024/11/23,11,16029
nihonbashi,2024/11/23,12,18943
nihonbashi,2024/11/23,13,20829
nihonbashi,2024/11/23,14,20657
nihonbashi,2024/11/23,15,20829
nihonbashi,2024/11/23,16,20486
nihonbashi,2024/11/23,17,19800
nihonbashi,2024/11/23,18,18257
nihonbashi,2024/11/23,19,16029
nihonbashi,2024/11/23,20,11743
nihonbashi,2024/11/23,21,8143
nihonbashi,2024/11/23,22,NA
nihonbashi,2024/11/23,23,3686
nihonbashi,2024/11/23,24,1971
nihonbashi,2024/11/24,1,1286
nihonbashi,2024/11/24,2,1629
nihonbashi,2024/11/24,3,1457
nihonbashi,2024/11/24,4,1457
nihonbashi,2024/11/24,5,1971
nihonbashi,2024/11/24,6,2829
nihonbashi,2024/11/24,7,5057
nihonbashi,2024/11/24,8,6600
nihonbashi,2024/11/24,9,9343
nihonbashi,2024/11/24,10,13457
nihonbashi,2024/11/24,11,17743
nihonbashi,2024/11/24,12,19971
nihonbashi,2024/11/24,13,21171
nihonbashi,2024/11/24,14,21171
nihonbashi,2024/11/24,15,20657
nihonbashi,2024/11/24,16,19971
nihonbashi,2024/11/24,17,18600
nihonbashi,2024/11/24,18,15857
nihonbashi,2024/11/24,19,12771
nihonbashi,2024/11/24,20,9514
nihonbashi,2024/11/24,21,6600
nihonbashi,2024/11/24,22,4929
nihonbashi,2024/11/24,23,3214
nihonbashi,2024/11/24,24,1929
nihonbashi,2024/11/25,1,1500
nihonbashi,2024/11/25,2,1500
nihonbashi,2024/11/25,3,1500
nihonbashi,2024/11/25,4,1500
nihonbashi,2024/11/25,5,1929
nihonbashi,2024/11/25,6,4071
nihonbashi,2024/11/25,7,10500
nihonbashi,2024/11/25,8,24643
nihonbashi,2024/11/25,9,42214
nihonbashi,2024/11/25,10,49071
nihonbashi,2024/11/25,11,51643
nihonbashi,2024/11/25,12,52500
nihonbashi,2024/11/25,13,53357
nihonbashi,2024/11/25,14,52929
nihonbashi,2024/11/25,15,52071
nihonbashi,2024/11/25,16,50786
nihonbashi,2024/11/25,17,47357
nihonbashi,2024/11/25,18,38786
nihonbashi,2024/11/25,19,28929
nihonbashi,2024/11/25,20,19929
nihonbashi,2024/11/25,21,12643
nihonbashi,2024/11/25,22,7500
nihonbashi,2024/11/25,23,4071
nihonbashi,2024/11/25,24,1929
nihonbashi,2024/11/26,1,1500
nihonbashi,2024/11/26,2,1929
nihonbashi,2024/11/26,3,1500
nihonbashi,2024/11/26,4,1500
nihonbashi,2024/11/26,5,1929
nihonbashi,2024/11/26,6,3643
nihonbashi,2024/11/26,7,9643
nihonbashi,2024/11/26,8,23786
nihonbashi,2024/11/26,9,40500
nihonbashi,2024/11/26,10,48643
nihonbashi,2024/11/26,11,51643
nihonbashi,2024/11/26,12,52500
nihonbashi,2024/11/26,13,52929
nihonbashi,2024/11/26,14,53357
nihonbashi,2024/11/26,15,52929
nihonbashi,2024/11/26,16,51643
nihonbashi,2024/11/26,17,47786
nihonbashi,2024/11/26,18,40071
nihonbashi,2024/11/26,19,30643
nihonbashi,2024/11/26,20,21214
nihonbashi,2024/11/26,21,14357
nihonbashi,2024/11/26,22,8786
nihonbashi,2024/11/26,23,4071
nihonbashi,2024/11/26,24,1929
nihonbashi,2024/11/27,1,1500
nihonbashi,2024/11/27,2,1500
nihonbashi,2024/11/27,3,1500
nihonbashi,2024/11/27,4,1500
nihonbashi,2024/11/27,5,1929
nihonbashi,2024/11/27,6,3643
nihonbashi,2024/11/27,7,10071
nihonbashi,2024/11/27,8,23786
nihonbashi,2024/11/27,9,41357
nihonbashi,2024/11/27,10,49500
nihonbashi,2024/11/27,11,52500
nihonbashi,2024/11/27,12,52929
nihonbashi,2024/11/27,13,53786
nihonbashi,2024/11/27,14,54214
nihonbashi,2024/11/27,15,53786
nihonbashi,2024/11/27,16,51643
nihonbashi,2024/11/27,17,48214
nihonbashi,2024/11/27,18,40500
nihonbashi,2024/11/27,19,31071
nihonbashi,2024/11/27,20,21643
nihonbashi,2024/11/27,21,14786
nihonbashi,2024/11/27,22,NA
nihonbashi,2024/11/27,23,4929
nihonbashi,2024/11/27,24,1929
nihonbashi,2024/11/28,1,1500
nihonbashi,2024/11/28,2,1929
nihonbashi,2024/11/28,3,1929
nihonbashi,2024/11/28,4,1500
nihonbashi,2024/11/28,5,1929
nihonbashi,2024/11/28,6,3643
nihonbashi,2024/11/28,7,9643
nihonbashi,2024/11/28,8,23786
nihonbashi,2024/11/28,9,40500
nihonbashi,2024/11/28,10,47786
nihonbashi,2024/11/28,11,51214
nihonbashi,2024/11/28,12,52500
nihonbashi,2024/11/28,13,53357
nihonbashi,2024/11/28,14,53357
nihonbashi,2024/11/28,15,52929
nihonbashi,2024/11/28,16,51643
nihonbashi,2024/11/28,17,49071
nihonbashi,2024/11/28,18,43071
nihonbashi,2024/11/28,19,34929
nihonbashi,2024/11/28,20,25929
nihonbashi,2024/11/28,21,19071
nihonbashi,2024/11/28,22,13071
nihonbashi,2024/11/28,23,7457
nihonbashi,2024/11/28,24,3000
nihonbashi,2024/11/29,1,1971
nihonbashi,2024/11/29,2,2314
nihonbashi,2024/11/29,3,1971
nihonbashi,2024/11/29,4,1800
nihonbashi,2024/11/29,5,1971
nihonbashi,2024/11/29,6,3000
nihonbashi,2024/11/29,7,5229
nihonbashi,2024/11/29,8,7800
nihonbashi,2024/11/29,9,11057
nihonbashi,2024/11/29,10,15857
nihonbashi,2024/11/29,11,20829
nihonbashi,2024/11/29,12,23057
nihonbashi,2024/11/29,13,24429
nihonbashi,2024/11/29,14,25629
nihonbashi,2024/11/29,15,25800
nihonbashi,2024/11/29,16,24943
nihonbashi,2024/11/29,17,23057
nihonbashi,2024/11/29,18,20829
nihonbashi,2024/11/29,19,18257
nihonbashi,2024/11/29,20,14314
nihonbashi,2024/11/29,21,10200
nihonbashi,2024/11/29,22,6771
nihonbashi,2024/11/29,23,4200
nihonbashi,2024/11/29,24,1800
nihonbashi,2024/11/30,1,1286
nihonbashi,2024/11/30,2,1457
nihonbashi,2024/11/30,3,1629
nihonbashi,2024/11/30,4,1629
nihonbashi,2024/11/30,5,1800
nihonbashi,2024/11/30,6,2314
nihonbashi,2024/11/30,7,3000
nihonbashi,2024/11/30,8,4543
nihonbashi,2024/11/30,9,7629
nihonbashi,2024/11/30,10,11571
nihonbashi,2024/11/30,11,15514
nihonbashi,2024/11/30,12,18429
nihonbashi,2024/11/30,13,19457
nihonbashi,2024/11/30,14,19971
nihonbashi,2024/11/30,15,20143
nihonbashi,2024/11/30,16,19114
nihonbashi,2024/11/30,17,17400
nihonbashi,2024/11/30,18,15514
nihonbashi,2024/11/30,19,12943
nihonbashi,2024/11/30,20,9514
nihonbashi,2024/11/30,21,NA
nihonbashi,2024/11/30,22,4500
nihonbashi,2024/11/30,23,2786
nihonbashi,2024/11/30,24,1500
nihonbashi,2024/12/1,1,1071
nihonbashi,2024/12/1,2,1500
nihonbashi,2024/12/1,3,1500
nihonbashi,2024/12/1,4,1500
nihonbashi,2024/12/1,5,1500
nihonbashi,2024/12/1,6,3643
nihonbashi,2024/12/1,7,10071
nihonbashi,2024/12/1,8,24643
nihonbashi,2024/12/1,9,42214
nihonbashi,2024/12/1,10,49071
nihonbashi,2024/12/1,11,51643
nihonbashi,2024/12/1,12,52929
nihonbashi,2024/12/1,13,52929
nihonbashi,2024/12/1,14,52500
nihonbashi,2024/12/1,15,52071
nihonbashi,2024/12/1,16,50786
nihonbashi,2024/12/1,17,47357
nihonbashi,2024/12/1,18,39214
nihonbashi,2024/12/1,19,28071
nihonbashi,2024/12/1,20,18214
nihonbashi,2024/12/1,21,11786
nihonbashi,2024/12/1,22,NA
nihonbashi,2024/12/1,23,NA
nihonbashi,2024/12/2,0,NA
nihonbashi,2024/12/2,1,NA
nihonbashi,2024/12/2,2,NA
nihonbashi,2024/12/2,3,NA
nihonbashi,2024/12/2,4,NA
nihonbashi,2024/12/2,5,NA
nihonbashi,2024/12/2,6,NA
nihonbashi,2024/12/2,7,NA
nihonbashi,2024/12/2,8,NA
nihonbashi,2024/12/2,9,NA
nihonbashi,2024/12/2,10,NA
nihonbashi,2024/12/2,11,NA
nihonbashi,2024/12/2,12,NA
nihonbashi,2024/12/2,13,NA
nihonbashi,2024/12/2,14,NA
nihonbashi,2024/12/2,15,NA
nihonbashi,2024/12/2,16,NA
nihonbashi,2024/12/2,17,NA
nihonbashi,2024/12/2,18,NA
nihonbashi,2024/12/2,19,NA
nihonbashi,2024/12/2,20,NA
nihonbashi,2024/12/2,21,NA
nihonbashi,2024/12/2,22,7929
nihonbashi,2024/12/2,23,4071
nihonbashi,2024/12/2,24,1929
nihonbashi,2024/12/3,1,1500
nihonbashi,2024/12/3,2,1500
nihonbashi,2024/12/3,3,1500
nihonbashi,2024/12/3,4,1500
nihonbashi,2024/12/3,5,1929
nihonbashi,2024/12/3,6,3643
nihonbashi,2024/12/3,7,10071
nihonbashi,2024/12/3,8,24214
nihonbashi,2024/12/3,9,41786
nihonbashi,2024/12/3,10,49071
nihonbashi,2024/12/3,11,52071
nihonbashi,2024/12/3,12,52929
nihonbashi,2024/12/3,13,53357
nihonbashi,2024/12/3,14,53357
nihonbashi,2024/12/3,15,52929
nihonbashi,2024/12/3,16,51643
nihonbashi,2024/12/3,17,48643
nihonbashi,2024/12/3,18,40500
nihonbashi,2024/12/3,19,29786
nihonbashi,2024/12/3,20,20786
nihonbashi,2024/12/3,21,13500
nihonbashi,2024/12/3,22,8357
nihonbashi,2024/12/3,23,4500
nihonbashi,2024/12/3,24,1929
nihonbashi,2024/12/4,1,1500
nihonbashi,2024/12/4,2,NA
nihonbashi,2024/12/4,3,NA
nihonbashi,2024/12/4,4,NA
nihonbashi,2024/12/4,5,NA
nihonbashi,2024/12/4,6,NA
nihonbashi,2024/12/4,7,NA
nihonbashi,2024/12/4,8,NA
nihonbashi,2024/12/4,9,NA
nihonbashi,2024/12/4,10,NA
nihonbashi,2024/12/4,11,NA
nihonbashi,2024/12/4,12,NA
nihonbashi,2024/12/4,13,NA
nihonbashi,2024/12/4,14,NA
nihonbashi,2024/12/4,15,NA
nihonbashi,2024/12/4,16,NA
nihonbashi,2024/12/4,17,NA
nihonbashi,2024/12/4,18,NA
nihonbashi,2024/12/4,19,NA
nihonbashi,2024/12/4,20,NA
nihonbashi,2024/12/4,21,NA
nihonbashi,2024/12/4,22,NA
nihonbashi,2024/12/4,23,NA
nihonbashi,2024/12/5,0,NA
nihonbashi,2024/12/5,1,NA
nihonbashi,2024/12/5,2,NA
nihonbashi,2024/12/5,3,NA
nihonbashi,2024/12/5,4,NA
nihonbashi,2024/12/5,5,NA
nihonbashi,2024/12/5,6,NA
nihonbashi,2024/12/5,7,NA
nihonbashi,2024/12/5,8,NA
nihonbashi,2024/12/5,9,NA
nihonbashi,2024/12/5,10,NA
nihonbashi,2024/12/5,11,NA
nihonbashi,2024/12/5,12,NA
nihonbashi,2024/12/5,13,NA
nihonbashi,2024/12/5,14,NA
nihonbashi,2024/12/5,15,NA
nihonbashi,2024/12/5,16,NA
nihonbashi,2024/12/5,17,NA
nihonbashi,2024/12/5,18,NA
nihonbashi,2024/12/5,19,NA
nihonbashi,2024/12/5,20,NA
nihonbashi,2024/12/5,21,NA
nihonbashi,2024/12/5,22,NA
nihonbashi,2024/12/5,23,NA
nihonbashi,2024/12/6,0,NA
nihonbashi,2024/12/6,1,NA
nihonbashi,2024/12/6,2,NA
nihonbashi,2024/12/6,3,NA
nihonbashi,2024/12/6,4,NA
nihonbashi,2024/12/6,5,NA
nihonbashi,2024/12/6,6,NA
nihonbashi,2024/12/6,7,NA
nihonbashi,2024/12/6,8,NA
nihonbashi,2024/12/6,9,NA
nihonbashi,2024/12/6,10,NA
nihonbashi,2024/12/6,11,NA
nihonbashi,2024/12/6,12,NA
nihonbashi,2024/12/6,13,NA
nihonbashi,2024/12/6,14,NA
nihonbashi,2024/12/6,15,NA
nihonbashi,2024/12/6,16,NA
nihonbashi,2024/12/6,17,NA
nihonbashi,2024/12/6,18,NA
nihonbashi,2024/12/6,19,NA
nihonbashi,2024/12/6,20,NA
nihonbashi,2024/12/6,21,NA
nihonbashi,2024/12/6,22,NA
nihonbashi,2024/12/6,23,NA
nihonbashi,2024/12/7,0,NA
nihonbashi,2024/12/7,1,NA
nihonbashi,2024/12/7,2,NA
nihonbashi,2024/12/7,3,NA
nihonbashi,2024/12/7,4,NA
nihonbashi,2024/12/7,5,NA
nihonbashi,2024/12/7,6,NA
nihonbashi,2024/12/7,7,NA
nihonbashi,2024/12/7,8,NA
nihonbashi,2024/12/7,9,NA
nihonbashi,2024/12/7,10,NA
nihonbashi,2024/12/7,11,NA
nihonbashi,2024/12/7,12,NA
nihonbashi,2024/12/7,13,NA
nihonbashi,2024/12/7,14,NA
nihonbashi,2024/12/7,15,NA
nihonbashi,2024/12/7,16,NA
nihonbashi,2024/12/7,17,NA
nihonbashi,2024/12/7,18,NA
nihonbashi,2024/12/7,19,NA
nihonbashi,2024/12/7,20,NA
nihonbashi,2024/12/7,21,NA
nihonbashi,2024/12/7,22,4071
nihonbashi,2024/12/7,23,2786
nihonbashi,2024/12/7,24,1500
nihonbashi,2024/12/8,1,1071
nihonbashi,2024/12/8,2,1071
nihonbashi,2024/12/8,3,1071
nihonbashi,2024/12/8,4,1500
nihonbashi,2024/12/8,5,1929
nihonbashi,2024/12/8,6,3643
nihonbashi,2024/12/8,7,10071
nihonbashi,2024/12/8,8,24643
nihonbashi,2024/12/8,9,41786
nihonbashi,2024/12/8,10,49071
nihonbashi,2024/12/8,11,52071
nihonbashi,2024/12/8,12,52929
nihonbashi,2024/12/8,13,52929
nihonbashi,2024/12/8,14,52929
nihonbashi,2024/12/8,15,52500
nihonbashi,2024/12/8,16,51214
nihonbashi,2024/12/8,17,47357
nihonbashi,2024/12/8,18,39214
nihonbashi,2024/12/8,19,28071
nihonbashi,2024/12/8,20,18214
nihonbashi,2024/12/8,21,11786
nihonbashi,2024/12/8,22,NA
nihonbashi,2024/12/8,23,3643
nihonbashi,2024/12/8,24,1929
nihonbashi,2024/12/9,1,1929
nihonbashi,2024/12/9,2,1929
nihonbashi,2024/12/9,3,1500
nihonbashi,2024/12/9,4,1500
nihonbashi,2024/12/9,5,1929
nihonbashi,2024/12/9,6,3643
nihonbashi,2024/12/9,7,9643
nihonbashi,2024/12/9,8,24214
nihonbashi,2024/12/9,9,41357
nihonbashi,2024/12/9,10,48643
nihonbashi,2024/12/9,11,51643
nihonbashi,2024/12/9,12,53357
nihonbashi,2024/12/9,13,52929
nihonbashi,2024/12/9,14,53357
nihonbashi,2024/12/9,15,52500
nihonbashi,2024/12/9,16,50786
nihonbashi,2024/12/9,17,47786
nihonbashi,2024/12/9,18,40500
nihonbashi,2024/12/9,19,30643
nihonbashi,2024/12/9,20,21214
nihonbashi,2024/12/9,21,14357
nihonbashi,2024/12/9,22,8786
nihonbashi,2024/12/9,23,4071
nihonbashi,2024/12/9,24,1929
nihonbashi,2024/12/10,1,1500
nihonbashi,2024/12/10,2,1500
nihonbashi,2024/12/10,3,1500
nihonbashi,2024/12/10,4,1929
nihonbashi,2024/12/10,5,1929
nihonbashi,2024/12/10,6,3643
nihonbashi,2024/12/10,7,9643
nihonbashi,2024/12/10,8,23357
nihonbashi,2024/12/10,9,40071
nihonbashi,2024/12/10,10,47786
nihonbashi,2024/12/10,11,50786
nihonbashi,2024/12/10,12,51643
nihonbashi,2024/12/10,13,52500
nihonbashi,2024/12/10,14,52500
nihonbashi,2024/12/10,15,52071
nihonbashi,2024/12/10,16,50357
nihonbashi,2024/12/10,17,47357
nihonbashi,2024/12/10,18,40071
nihonbashi,2024/12/10,19,31071
nihonbashi,2024/12/10,20,22071
nihonbashi,2024/12/10,21,14786
nihonbashi,2024/12/10,22,8786
nihonbashi,2024/12/10,23,4500
nihonbashi,2024/12/10,24,1929
nihonbashi,2024/12/11,1,1500
nihonbashi,2024/12/11,2,1500
nihonbashi,2024/12/11,3,1500
nihonbashi,2024/12/11,4,1500
nihonbashi,2024/12/11,5,1929
nihonbashi,2024/12/11,6,3643
nihonbashi,2024/12/11,7,9214
nihonbashi,2024/12/11,8,23786
nihonbashi,2024/12/11,9,40929
nihonbashi,2024/12/11,10,48643
nihonbashi,2024/12/11,11,51643
nihonbashi,2024/12/11,12,52929
nihonbashi,2024/12/11,13,53357
nihonbashi,2024/12/11,14,53357
nihonbashi,2024/12/11,15,52929
nihonbashi,2024/12/11,16,51214
nihonbashi,2024/12/11,17,48214
nihonbashi,2024/12/11,18,40500
nihonbashi,2024/12/11,19,31500
nihonbashi,2024/12/11,20,22929
nihonbashi,2024/12/11,21,15214
nihonbashi,2024/12/11,22,9643
nihonbashi,2024/12/11,23,4500
nihonbashi,2024/12/11,24,1929
nihonbashi,2024/12/12,1,1500
nihonbashi,2024/12/12,2,1500
nihonbashi,2024/12/12,3,1500
nihonbashi,2024/12/12,4,1929
nihonbashi,2024/12/12,5,1929
nihonbashi,2024/12/12,6,3643
nihonbashi,2024/12/12,7,9214
nihonbashi,2024/12/12,8,22500
nihonbashi,2024/12/12,9,39643
nihonbashi,2024/12/12,10,47786
nihonbashi,2024/12/12,11,50786
nihonbashi,2024/12/12,12,52929
nihonbashi,2024/12/12,13,53786
nihonbashi,2024/12/12,14,53357
nihonbashi,2024/12/12,15,52500
nihonbashi,2024/12/12,16,51214
nihonbashi,2024/12/12,17,47786
nihonbashi,2024/12/12,18,43500
nihonbashi,2024/12/12,19,35357
nihonbashi,2024/12/12,20,26357
nihonbashi,2024/12/12,21,19500
nihonbashi,2024/12/12,22,NA
nihonbashi,2024/12/12,23,NA
nihonbashi,2024/12/13,0,NA
nihonbashi,2024/12/13,1,NA
nihonbashi,2024/12/13,2,NA
nihonbashi,2024/12/13,3,NA
nihonbashi,2024/12/13,4,NA
nihonbashi,2024/12/13,5,NA
nihonbashi,2024/12/13,6,NA
nihonbashi,2024/12/13,7,NA
nihonbashi,2024/12/13,8,NA
nihonbashi,2024/12/13,9,NA
nihonbashi,2024/12/13,10,NA
nihonbashi,2024/12/13,11,NA
nihonbashi,2024/12/13,12,NA
nihonbashi,2024/12/13,13,NA
nihonbashi,2024/12/13,14,NA
nihonbashi,2024/12/13,15,NA
nihonbashi,2024/12/13,16,NA
nihonbashi,2024/12/13,17,NA
nihonbashi,2024/12/13,18,NA
nihonbashi,2024/12/13,19,NA
nihonbashi,2024/12/13,20,NA
nihonbashi,2024/12/13,21,NA
nihonbashi,2024/12/13,22,7457
nihonbashi,2024/12/13,23,4371
nihonbashi,2024/12/13,24,2143
nihonbashi,2024/12/14,1,1457
nihonbashi,2024/12/14,2,1629
nihonbashi,2024/12/14,3,1800
nihonbashi,2024/12/14,4,1971
nihonbashi,2024/12/14,5,1971
nihonbashi,2024/12/14,6,2829
nihonbashi,2024/12/14,7,3857
nihonbashi,2024/12/14,8,5229
nihonbashi,2024/12/14,9,8314
nihonbashi,2024/12/14,10,11743
nihonbashi,2024/12/14,11,15514
nihonbashi,2024/12/14,12,18257
nihonbashi,2024/12/14,13,20314
nihonbashi,2024/12/14,14,21686
nihonbashi,2024/12/14,15,21171
nihonbashi,2024/12/14,16,20143
nihonbashi,2024/12/14,17,18531
nihonbashi,2024/12/14,18,17121
nihonbashi,2024/12/14,19,14604
nihonbashi,2024/12/14,20,11045
nihonbashi,2024/12/14,21,7611
nihonbashi,2024/12/14,22,5357
nihonbashi,2024/12/14,23,3214
nihonbashi,2024/12/14,24,1500
nihonbashi,2024/12/15,1,1071
nihonbashi,2024/12/15,2,1500
nihonbashi,2024/12/15,3,1500
nihonbashi,2024/12/15,4,1500
nihonbashi,2024/12/15,5,1929
nihonbashi,2024/12/15,6,4071
nihonbashi,2024/12/15,7,9643
nihonbashi,2024/12/15,8,24643
nihonbashi,2024/12/15,9,41357
nihonbashi,2024/12/15,10,48643
nihonbashi,2024/12/15,11,52500
nihonbashi,2024/12/15,12,52929
nihonbashi,2024/12/15,13,53357
nihonbashi,2024/12/15,14,53357
nihonbashi,2024/12/15,15,52500
nihonbashi,2024/12/15,16,51214
nihonbashi,2024/12/15,17,47786
nihonbashi,2024/12/15,18,40071
nihonbashi,2024/12/15,19,29786
nihonbashi,2024/12/15,20,21214
nihonbashi,2024/12/15,21,13500
nihonbashi,2024/12/15,22,NA
nihonbashi,2024/12/15,23,4071
nihonbashi,2024/12/15,24,1929
nihonbashi,2024/12/16,1,1500
nihonbashi,2024/12/16,2,1929
nihonbashi,2024/12/16,3,1929
nihonbashi,2024/12/16,4,1500
nihonbashi,2024/12/16,5,1929
nihonbashi,2024/12/16,6,3643
nihonbashi,2024/12/16,7,9643
nihonbashi,2024/12/16,8,24214
nihonbashi,2024/12/16,9,40929
nihonbashi,2024/12/16,10,49071
nihonbashi,2024/12/16,11,52071
nihonbashi,2024/12/16,12,53786
nihonbashi,2024/12/16,13,54214
nihonbashi,2024/12/16,14,54214
nihonbashi,2024/12/16,15,53786
nihonbashi,2024/12/16,16,51643
nihonbashi,2024/12/16,17,49071
nihonbashi,2024/12/16,18,41786
nihonbashi,2024/12/16,19,31929
nihonbashi,2024/12/16,20,22929
nihonbashi,2024/12/16,21,16071
nihonbashi,2024/12/16,22,10071
